example_id,section_title,code_text,line_count,contains_find_all,contains_find,contains_select,contains_get_text,contains_requests
1,Quick Start ,"html_doc
=
""""""<html><head><title>The Dormouse's story</title></head>
<body>
<p class=""title""><b>The Dormouse's story</b></p>
<p class=""story"">Once upon a time there were three little sisters; and their names were
<a href=""http://example.com/elsie"" class=""sister"" id=""link1"">Elsie</a>,
<a href=""http://example.com/lacie"" class=""sister"" id=""link2"">Lacie</a> and
<a href=""http://example.com/tillie"" class=""sister"" id=""link3"">Tillie</a>;
and they lived at the bottom of a well.</p>
<p class=""story"">...</p>
""""""",12,False,False,False,False,False
2,Quick Start ,BeautifulSoup,1,False,False,False,False,False
3,Quick Start ,"from
bs4
import
BeautifulSoup
soup
=
BeautifulSoup
(
html_doc
,
'html.parser'
)
print
(
soup
.
prettify
())
# <html>
#  <head>
#   <title>
#    The Dormouse's story
#   </title>
#  </head>
#  <body>
#   <p class=""title"">
#    <b>
#     The Dormouse's story
#    </b>
#   </p>
#   <p class=""story"">
#    Once upon a time there were three little sisters; and their names were
#    <a class=""sister"" href=""http://example.com/elsie"" id=""link1"">
#     Elsie
#    </a>
#    ,
#    <a class=""sister"" href=""http://example.com/lacie"" id=""link2"">
#     Lacie
#    </a>
#    and
#    <a class=""sister"" href=""http://example.com/tillie"" id=""link3"">
#     Tillie
#    </a>
#    ; and they lived at the bottom of a well.
#   </p>
#   <p class=""story"">
#    ...
#   </p>
#  </body>
# </html>",50,False,False,False,False,False
4,Quick Start ,"soup
.
title
# <title>The Dormouse's story</title>
soup
.
title
.
name
# u'title'
soup
.
title
.
string
# u'The Dormouse's story'
soup
.
title
.
parent
.
name
# u'head'
soup
.
p
# <p class=""title""><b>The Dormouse's story</b></p>
soup
.
p
[
'class'
]
# u'title'
soup
.
a
# <a class=""sister"" href=""http://example.com/elsie"" id=""link1"">Elsie</a>
soup
.
find_all
(
'a'
)
# [<a class=""sister"" href=""http://example.com/elsie"" id=""link1"">Elsie</a>,
#  <a class=""sister"" href=""http://example.com/lacie"" id=""link2"">Lacie</a>,
#  <a class=""sister"" href=""http://example.com/tillie"" id=""link3"">Tillie</a>]
soup
.
find
(
id
=
""link3""
)
# <a class=""sister"" href=""http://example.com/tillie"" id=""link3"">Tillie</a>",57,True,False,False,False,False
5,Quick Start ,"for
link
in
soup
.
find_all
(
'a'
):
print
(
link
.
get
(
'href'
))
# http://example.com/elsie
# http://example.com/lacie
# http://example.com/tillie",20,True,False,False,False,False
6,Quick Start ,"print
(
soup
.
get_text
())
# The Dormouse's story
#
# The Dormouse's story
#
# Once upon a time there were three little sisters; and their names were
# Elsie,
# Lacie and
# Tillie;
# and they lived at the bottom of a well.
#
# ...",17,False,False,False,True,False
7,Installing Beautiful Soup ,easy_install,1,False,False,False,False,False
8,Installing Beautiful Soup ,pip,1,False,False,False,False,False
9,Installing Beautiful Soup ,beautifulsoup4,1,False,False,False,False,False
10,Installing Beautiful Soup ,pip,1,False,False,False,False,False
11,Installing Beautiful Soup ,easy_install,1,False,False,False,False,False
12,Installing Beautiful Soup ,pip3,1,False,False,False,False,False
13,Installing Beautiful Soup ,easy_install3,1,False,False,False,False,False
14,Installing Beautiful Soup ,BeautifulSoup,1,False,False,False,False,False
15,Installing Beautiful Soup ,beautifulsoup4,1,False,False,False,False,False
16,Installing Beautiful Soup ,easy_install,1,False,False,False,False,False
17,Installing Beautiful Soup ,pip,1,False,False,False,False,False
18,Installing Beautiful Soup ,setup.py,1,False,False,False,False,False
19,Installing Beautiful Soup ,bs4,1,False,False,False,False,False
20,Installing Beautiful Soup ,"BeautifulSoup(markup,
""html.parser"")",2,False,False,False,False,False
21,Installing Beautiful Soup ,"BeautifulSoup(markup,
""lxml"")",2,False,False,False,False,False
22,Installing Beautiful Soup ,"BeautifulSoup(markup,
""lxml-xml"")",2,False,False,False,False,False
23,Installing Beautiful Soup ,"BeautifulSoup(markup,
""xml"")",2,False,False,False,False,False
24,Installing Beautiful Soup ,"BeautifulSoup(markup,
""html5lib"")",2,False,False,False,False,False
25,Installing a parser ,"BeautifulSoup(markup,
""html.parser"")",2,False,False,False,False,False
26,Installing a parser ,"BeautifulSoup(markup,
""lxml"")",2,False,False,False,False,False
27,Installing a parser ,"BeautifulSoup(markup,
""lxml-xml"")",2,False,False,False,False,False
28,Installing a parser ,"BeautifulSoup(markup,
""xml"")",2,False,False,False,False,False
29,Installing a parser ,"BeautifulSoup(markup,
""html5lib"")",2,False,False,False,False,False
30,Making the soup ,BeautifulSoup,1,False,False,False,False,False
31,Making the soup ,"from
bs4
import
BeautifulSoup
with
open
(
""index.html""
)
as
fp
:
soup
=
BeautifulSoup
(
fp
,
'html.parser'
)
soup
=
BeautifulSoup
(
""<html>a web page</html>""
,
'html.parser'
)",28,False,False,False,False,False
32,Making the soup ,"print
(
BeautifulSoup
(
""<html><head></head><body>Sacr&eacute; bleu!</body></html>""
,
""html.parser""
))
# <html><head></head><body>Sacré bleu!</body></html>",9,False,False,False,False,False
33,Kinds of objects ,Tag,1,False,False,False,False,False
34,Kinds of objects ,NavigableString,1,False,False,False,False,False
35,Kinds of objects ,BeautifulSoup,1,False,False,False,False,False
36,Kinds of objects ,Comment,1,False,False,False,False,False
37,Kinds of objects ,Tag,1,False,False,False,False,False
38,Kinds of objects ,"soup
=
BeautifulSoup
(
'<b class=""boldest"">Extremely bold</b>'
,
'html.parser'
)
tag
=
soup
.
b
type
(
tag
)
# <class 'bs4.element.Tag'>",18,False,False,False,False,False
39,Kinds of objects ,"tag
.
name
# 'b'",4,False,False,False,False,False
40,Kinds of objects ,"tag
.
name
=
""blockquote""
tag
# <blockquote class=""boldest"">Extremely bold</blockquote>",7,False,False,False,False,False
41,Kinds of objects ,"<b
id=""boldest"">",2,False,False,False,False,False
42,Kinds of objects ,"tag
=
BeautifulSoup
(
'<b id=""boldest"">bold</b>'
,
'html.parser'
)
.
b
tag
[
'id'
]
# 'boldest'",15,False,False,False,False,False
43,Kinds of objects ,.attrs,1,False,False,False,False,False
44,Kinds of objects ,"tag
.
attrs
# {'id': 'boldest'}
tag
.
attrs
.
keys
()
# dict_keys(['id'])",11,False,False,False,False,False
45,Kinds of objects ,"tag
[
'id'
]
=
'verybold'
tag
[
'another-attribute'
]
=
1
tag
# <b another-attribute=""1"" id=""verybold""></b>
del
tag
[
'id'
]
del
tag
[
'another-attribute'
]
tag
# <b>bold</b>
tag
[
'id'
]
# KeyError: 'id'
tag
.
get
(
'id'
)
# None",38,False,False,False,False,False
46,Kinds of objects ,class,1,False,False,False,False,False
47,Kinds of objects ,rel,1,False,False,False,False,False
48,Kinds of objects ,rev,1,False,False,False,False,False
49,Kinds of objects ,accept-charset,1,False,False,False,False,False
50,Kinds of objects ,headers,1,False,False,False,False,False
51,Kinds of objects ,accesskey,1,False,False,False,False,False
52,Kinds of objects ,"css_soup
=
BeautifulSoup
(
'<p class=""body""></p>'
,
'html.parser'
)
css_soup
.
p
[
'class'
]
# ['body']
css_soup
=
BeautifulSoup
(
'<p class=""body strikeout""></p>'
,
'html.parser'
)
css_soup
.
p
[
'class'
]
# ['body', 'strikeout']",30,False,False,False,False,False
53,Kinds of objects ,"rel_soup
=
BeautifulSoup
(
'<p>Back to the <a rel=""index first"">homepage</a></p>'
,
'html.parser'
)
rel_soup
.
a
[
'rel'
]
# ['index', 'first']
rel_soup
.
a
[
'rel'
]
=
[
'index'
,
'contents'
]
print
(
rel_soup
.
p
)
# <p>Back to the <a rel=""index contents"">homepage</a></p>",34,False,False,False,False,False
54,Kinds of objects ,"id_soup
=
BeautifulSoup
(
'<p id=""my id""></p>'
,
'html.parser'
)
id_soup
.
p
[
'id'
]
# 'my id'",15,False,False,False,False,False
55,Kinds of objects ,multi_valued_attributes=None,1,False,False,False,False,False
56,Kinds of objects ,BeautifulSoup,1,False,False,False,False,False
57,Kinds of objects ,"no_list_soup
=
BeautifulSoup
(
'<p class=""body strikeout""></p>'
,
'html.parser'
,
multi_valued_attributes
=
None
)
no_list_soup
.
p
[
'class'
]
# 'body strikeout'",19,False,False,False,False,False
58,Kinds of objects ,get_attribute_list,1,False,False,False,False,False
59,Kinds of objects ,"id_soup
.
p
[
'id'
]
# 'my id'
id_soup
.
p
.
get_attribute_list
(
'id'
)
# [""my id""]",16,False,False,False,False,False
60,Kinds of objects ,"xml_soup
=
BeautifulSoup
(
'<p class=""body strikeout""></p>'
,
'xml'
)
xml_soup
.
p
[
'class'
]
# 'body strikeout'",15,False,False,False,False,False
61,Kinds of objects ,multi_valued_attributes,1,False,False,False,False,False
62,Kinds of objects ,"class_is_multi
=
{
'*'
:
'class'
}
xml_soup
=
BeautifulSoup
(
'<p class=""body strikeout""></p>'
,
'xml'
,
multi_valued_attributes
=
class_is_multi
)
xml_soup
.
p
[
'class'
]
# ['body', 'strikeout']",26,False,False,False,False,False
63,Kinds of objects ,"from
bs4.builder
import
builder_registry
builder_registry
.
lookup
(
'html'
)
.
DEFAULT_CDATA_LIST_ATTRIBUTES",12,False,False,False,False,False
64,Kinds of objects ,NavigableString,1,False,False,False,False,False
65,Kinds of objects ,"soup
=
BeautifulSoup
(
'<b class=""boldest"">Extremely bold</b>'
,
'html.parser'
)
tag
=
soup
.
b
tag
.
string
# 'Extremely bold'
type
(
tag
.
string
)
# <class 'bs4.element.NavigableString'>",24,False,False,False,False,False
66,Kinds of objects ,NavigableString,1,False,False,False,False,False
67,Kinds of objects ,NavigableString,1,False,False,False,False,False
68,Kinds of objects ,str,1,False,False,False,False,False
69,Kinds of objects ,"unicode_string
=
str
(
tag
.
string
)
unicode_string
# 'Extremely bold'
type
(
unicode_string
)
# <type 'str'>",15,False,False,False,False,False
70,Kinds of objects ,"tag
.
string
.
replace_with
(
""No longer bold""
)
tag
# <b class=""boldest"">No longer bold</b>",10,False,False,False,False,False
71,Kinds of objects ,NavigableString,1,False,False,False,False,False
72,Kinds of objects ,.contents,1,False,False,False,False,False
73,Kinds of objects ,.string,1,False,False,False,False,False
74,Kinds of objects ,find(),1,False,True,False,False,False
75,Kinds of objects ,NavigableString,1,False,False,False,False,False
76,Kinds of objects ,str(),1,False,False,False,False,False
77,Kinds of objects ,BeautifulSoup,1,False,False,False,False,False
78,Kinds of objects ,Tag,1,False,False,False,False,False
79,Kinds of objects ,BeautifulSoup,1,False,False,False,False,False
80,Kinds of objects ,Tag,1,False,False,False,False,False
81,Kinds of objects ,"doc
=
BeautifulSoup
(
""<document><content/>INSERT FOOTER HERE</document""
,
""xml""
)
footer
=
BeautifulSoup
(
""<footer>Here's the footer</footer>""
,
""xml""
)
doc
.
find
(
text
=
""INSERT FOOTER HERE""
)
.
replace_with
(
footer
)
# 'INSERT FOOTER HERE'
print
(
doc
)
# <?xml version=""1.0"" encoding=""utf-8""?>
# <document><content/><footer>Here's the footer</footer></document>",36,False,False,False,False,False
82,Kinds of objects ,BeautifulSoup,1,False,False,False,False,False
83,Kinds of objects ,.name,1,False,False,False,False,False
84,Kinds of objects ,Tag,1,False,False,False,False,False
85,Kinds of objects ,BeautifulSoup,1,False,False,False,False,False
86,Kinds of objects ,.name,1,False,False,False,False,False
87,Kinds of objects ,"soup
.
name
# '[document]'",4,False,False,False,False,False
88,Kinds of objects ,Tag,1,False,False,False,False,False
89,Kinds of objects ,NavigableString,1,False,False,False,False,False
90,Kinds of objects ,BeautifulSoup,1,False,False,False,False,False
91,Kinds of objects ,Comment,1,False,False,False,False,False
92,Kinds of objects ,"markup
=
""<b><!--Hey, buddy. Want to buy a used parser?--></b>""
soup
=
BeautifulSoup
(
markup
,
'html.parser'
)
comment
=
soup
.
b
.
string
type
(
comment
)
# <class 'bs4.element.Comment'>",23,False,False,False,False,False
93,Kinds of objects ,Comment,1,False,False,False,False,False
94,Kinds of objects ,NavigableString,1,False,False,False,False,False
95,Kinds of objects ,"comment
# 'Hey, buddy. Want to buy a used parser'",2,False,False,False,False,False
96,Kinds of objects ,Comment,1,False,False,False,False,False
97,Kinds of objects ,"print
(
soup
.
b
.
prettify
())
# <b>
#  <!--Hey, buddy. Want to buy a used parser?-->
# </b>",11,False,False,False,False,False
98,Kinds of objects ,NavigableString,1,False,False,False,False,False
99,Kinds of objects ,NavigableString,1,False,False,False,False,False
100,Kinds of objects ,<style>,1,False,False,False,False,False
101,Kinds of objects ,NavigableString,1,False,False,False,False,False
102,Kinds of objects ,<script>,1,False,False,False,False,False
103,Kinds of objects ,NavigableString,1,False,False,False,False,False
104,Kinds of objects ,<template>,1,False,False,False,False,False
105,Kinds of objects ,NavigableString,1,False,False,False,False,False
106,Kinds of objects ,Comment,1,False,False,False,False,False
107,Kinds of objects ,NavigableString,1,False,False,False,False,False
108,Kinds of objects ,NavigableString,1,False,False,False,False,False
109,Kinds of objects ,NavigableString,1,False,False,False,False,False
110,Kinds of objects ,NavigableString,1,False,False,False,False,False
111,Kinds of objects ,NavigableString,1,False,False,False,False,False
112,Multi-valued attributes ,class,1,False,False,False,False,False
113,Multi-valued attributes ,rel,1,False,False,False,False,False
114,Multi-valued attributes ,rev,1,False,False,False,False,False
115,Multi-valued attributes ,accept-charset,1,False,False,False,False,False
116,Multi-valued attributes ,headers,1,False,False,False,False,False
117,Multi-valued attributes ,accesskey,1,False,False,False,False,False
118,Multi-valued attributes ,"css_soup
=
BeautifulSoup
(
'<p class=""body""></p>'
,
'html.parser'
)
css_soup
.
p
[
'class'
]
# ['body']
css_soup
=
BeautifulSoup
(
'<p class=""body strikeout""></p>'
,
'html.parser'
)
css_soup
.
p
[
'class'
]
# ['body', 'strikeout']",30,False,False,False,False,False
119,Multi-valued attributes ,"rel_soup
=
BeautifulSoup
(
'<p>Back to the <a rel=""index first"">homepage</a></p>'
,
'html.parser'
)
rel_soup
.
a
[
'rel'
]
# ['index', 'first']
rel_soup
.
a
[
'rel'
]
=
[
'index'
,
'contents'
]
print
(
rel_soup
.
p
)
# <p>Back to the <a rel=""index contents"">homepage</a></p>",34,False,False,False,False,False
120,Multi-valued attributes ,"id_soup
=
BeautifulSoup
(
'<p id=""my id""></p>'
,
'html.parser'
)
id_soup
.
p
[
'id'
]
# 'my id'",15,False,False,False,False,False
121,Multi-valued attributes ,multi_valued_attributes=None,1,False,False,False,False,False
122,Multi-valued attributes ,BeautifulSoup,1,False,False,False,False,False
123,Multi-valued attributes ,"no_list_soup
=
BeautifulSoup
(
'<p class=""body strikeout""></p>'
,
'html.parser'
,
multi_valued_attributes
=
None
)
no_list_soup
.
p
[
'class'
]
# 'body strikeout'",19,False,False,False,False,False
124,Multi-valued attributes ,get_attribute_list,1,False,False,False,False,False
125,Multi-valued attributes ,"id_soup
.
p
[
'id'
]
# 'my id'
id_soup
.
p
.
get_attribute_list
(
'id'
)
# [""my id""]",16,False,False,False,False,False
126,Multi-valued attributes ,"xml_soup
=
BeautifulSoup
(
'<p class=""body strikeout""></p>'
,
'xml'
)
xml_soup
.
p
[
'class'
]
# 'body strikeout'",15,False,False,False,False,False
127,Multi-valued attributes ,multi_valued_attributes,1,False,False,False,False,False
128,Multi-valued attributes ,"class_is_multi
=
{
'*'
:
'class'
}
xml_soup
=
BeautifulSoup
(
'<p class=""body strikeout""></p>'
,
'xml'
,
multi_valued_attributes
=
class_is_multi
)
xml_soup
.
p
[
'class'
]
# ['body', 'strikeout']",26,False,False,False,False,False
129,Multi-valued attributes ,"from
bs4.builder
import
builder_registry
builder_registry
.
lookup
(
'html'
)
.
DEFAULT_CDATA_LIST_ATTRIBUTES",12,False,False,False,False,False
130,Special strings ,Tag,1,False,False,False,False,False
131,Special strings ,NavigableString,1,False,False,False,False,False
132,Special strings ,BeautifulSoup,1,False,False,False,False,False
133,Special strings ,Comment,1,False,False,False,False,False
134,Special strings ,"markup
=
""<b><!--Hey, buddy. Want to buy a used parser?--></b>""
soup
=
BeautifulSoup
(
markup
,
'html.parser'
)
comment
=
soup
.
b
.
string
type
(
comment
)
# <class 'bs4.element.Comment'>",23,False,False,False,False,False
135,Special strings ,Comment,1,False,False,False,False,False
136,Special strings ,NavigableString,1,False,False,False,False,False
137,Special strings ,"comment
# 'Hey, buddy. Want to buy a used parser'",2,False,False,False,False,False
138,Special strings ,Comment,1,False,False,False,False,False
139,Special strings ,"print
(
soup
.
b
.
prettify
())
# <b>
#  <!--Hey, buddy. Want to buy a used parser?-->
# </b>",11,False,False,False,False,False
140,Special strings ,NavigableString,1,False,False,False,False,False
141,Special strings ,NavigableString,1,False,False,False,False,False
142,Special strings ,<style>,1,False,False,False,False,False
143,Special strings ,NavigableString,1,False,False,False,False,False
144,Special strings ,<script>,1,False,False,False,False,False
145,Special strings ,NavigableString,1,False,False,False,False,False
146,Special strings ,<template>,1,False,False,False,False,False
147,Special strings ,NavigableString,1,False,False,False,False,False
148,Special strings ,Comment,1,False,False,False,False,False
149,Special strings ,NavigableString,1,False,False,False,False,False
150,Special strings ,NavigableString,1,False,False,False,False,False
151,Special strings ,NavigableString,1,False,False,False,False,False
152,Special strings ,NavigableString,1,False,False,False,False,False
153,Special strings ,NavigableString,1,False,False,False,False,False
154,For HTML documents ,NavigableString,1,False,False,False,False,False
155,For HTML documents ,NavigableString,1,False,False,False,False,False
156,For HTML documents ,<style>,1,False,False,False,False,False
157,For HTML documents ,NavigableString,1,False,False,False,False,False
158,For HTML documents ,<script>,1,False,False,False,False,False
159,For HTML documents ,NavigableString,1,False,False,False,False,False
160,For HTML documents ,<template>,1,False,False,False,False,False
161,For XML documents ,NavigableString,1,False,False,False,False,False
162,For XML documents ,Comment,1,False,False,False,False,False
163,For XML documents ,NavigableString,1,False,False,False,False,False
164,For XML documents ,NavigableString,1,False,False,False,False,False
165,For XML documents ,NavigableString,1,False,False,False,False,False
166,For XML documents ,NavigableString,1,False,False,False,False,False
167,For XML documents ,NavigableString,1,False,False,False,False,False
168,Navigating the tree ,"html_doc
=
""""""
<html><head><title>The Dormouse's story</title></head>
<body>
<p class=""title""><b>The Dormouse's story</b></p>
<p class=""story"">Once upon a time there were three little sisters; and their names were
<a href=""http://example.com/elsie"" class=""sister"" id=""link1"">Elsie</a>,
<a href=""http://example.com/lacie"" class=""sister"" id=""link2"">Lacie</a> and
<a href=""http://example.com/tillie"" class=""sister"" id=""link3"">Tillie</a>;
and they lived at the bottom of a well.</p>
<p class=""story"">...</p>
""""""
from
bs4
import
BeautifulSoup
soup
=
BeautifulSoup
(
html_doc
,
'html.parser'
)",25,False,False,False,False,False
169,Navigating the tree ,find(),1,False,True,False,False,False
170,Navigating the tree ,"soup
.
find
(
""head""
)
# <head><title>The Dormouse's story</title></head>",7,False,False,False,False,False
171,Navigating the tree ,find(),1,False,True,False,False,False
172,Navigating the tree ,soup.head,1,False,False,False,False,False
173,Navigating the tree ,"soup
.
head
# <head><title>The Dormouse's story</title></head>
soup
.
title
# <title>The Dormouse's story</title>",8,False,False,False,False,False
174,Navigating the tree ,"soup
.
body
.
b
# <b>The Dormouse's story</b>",6,False,False,False,False,False
175,Navigating the tree ,find(),1,False,True,False,False,False
176,Navigating the tree ,"soup
.
a
# <a class=""sister"" href=""http://example.com/elsie"" id=""link1"">Elsie</a>",4,False,False,False,False,False
177,Navigating the tree ,find_all(),1,True,False,False,False,False
178,Navigating the tree ,"soup
.
find_all
(
'a'
)
# [<a class=""sister"" href=""http://example.com/elsie"" id=""link1"">Elsie</a>,
#  <a class=""sister"" href=""http://example.com/lacie"" id=""link2"">Lacie</a>,
#  <a class=""sister"" href=""http://example.com/tillie"" id=""link3"">Tillie</a>]",9,True,False,False,False,False
179,Navigating the tree ,.contents,1,False,False,False,False,False
180,Navigating the tree ,.children,1,False,False,False,False,False
181,Navigating the tree ,.contents,1,False,False,False,False,False
182,Navigating the tree ,"head_tag
=
soup
.
head
head_tag
# <head><title>The Dormouse's story</title></head>
head_tag
.
contents
# [<title>The Dormouse's story</title>]
title_tag
=
head_tag
.
contents
[
0
]
title_tag
# <title>The Dormouse's story</title>
title_tag
.
contents
# ['The Dormouse's story']",25,False,False,False,False,False
183,Navigating the tree ,BeautifulSoup,1,False,False,False,False,False
184,Navigating the tree ,BeautifulSoup,1,False,False,False,False,False
185,Navigating the tree ,"len
(
soup
.
contents
)
# 1
soup
.
contents
[
0
]
.
name
# 'html'",16,False,False,False,False,False
186,Navigating the tree ,.contents,1,False,False,False,False,False
187,Navigating the tree ,"text
=
title_tag
.
contents
[
0
]
text
.
contents
# AttributeError: 'NavigableString' object has no attribute 'contents'",12,False,False,False,False,False
188,Navigating the tree ,.children,1,False,False,False,False,False
189,Navigating the tree ,"for
child
in
title_tag
.
children
:
print
(
child
)
# The Dormouse's story",12,False,False,False,False,False
190,Navigating the tree ,.contents,1,False,False,False,False,False
191,Navigating the tree ,.descendants,1,False,False,False,False,False
192,Navigating the tree ,.contents,1,False,False,False,False,False
193,Navigating the tree ,.children,1,False,False,False,False,False
194,Navigating the tree ,"head_tag
.
contents
# [<title>The Dormouse's story</title>]",4,False,False,False,False,False
195,Navigating the tree ,.descendants,1,False,False,False,False,False
196,Navigating the tree ,"for
child
in
head_tag
.
descendants
:
print
(
child
)
# <title>The Dormouse's story</title>
# The Dormouse's story",13,False,False,False,False,False
197,Navigating the tree ,BeautifulSoup,1,False,False,False,False,False
198,Navigating the tree ,"len
(
list
(
soup
.
children
))
# 1
len
(
list
(
soup
.
descendants
))
# 26",18,False,False,False,False,False
199,Navigating the tree ,.string,1,False,False,False,False,False
200,Navigating the tree ,NavigableString,1,False,False,False,False,False
201,Navigating the tree ,.string,1,False,False,False,False,False
202,Navigating the tree ,"title_tag
.
string
# 'The Dormouse's story'",4,False,False,False,False,False
203,Navigating the tree ,.string,1,False,False,False,False,False
204,Navigating the tree ,.string,1,False,False,False,False,False
205,Navigating the tree ,"head_tag
.
contents
# [<title>The Dormouse's story</title>]
head_tag
.
string
# 'The Dormouse's story'",8,False,False,False,False,False
206,Navigating the tree ,.string,1,False,False,False,False,False
207,Navigating the tree ,.string,1,False,False,False,False,False
208,Navigating the tree ,,1,False,False,False,False,False
209,Navigating the tree ,"print
(
soup
.
html
.
string
)
# None",9,False,False,False,False,False
210,Navigating the tree ,.strings,1,False,False,False,False,False
211,Navigating the tree ,stripped_strings,1,False,False,False,False,False
212,Navigating the tree ,.strings,1,False,False,False,False,False
213,Navigating the tree ,"for
string
in
soup
.
strings
:
print
(
repr
(
string
))
'
\n
'
# ""The Dormouse's story""
# '\n'
# '\n'
# ""The Dormouse's story""
# '\n'
# 'Once upon a time there were three little sisters; and their names were\n'
# 'Elsie'
# ',\n'
# 'Lacie'
# ' and\n'
# 'Tillie'
# ';\nand they lived at the bottom of a well.'
# '\n'
# '...'
# '\n'",31,False,False,False,False,False
214,Navigating the tree ,.stripped_strings,1,False,False,False,False,False
215,Navigating the tree ,"for
string
in
soup
.
stripped_strings
:
print
(
repr
(
string
))
# ""The Dormouse's story""
# ""The Dormouse's story""
# 'Once upon a time there were three little sisters; and their names were'
# 'Elsie'
# ','
# 'Lacie'
# 'and'
# 'Tillie'
# ';\n and they lived at the bottom of a well.'
# '...'",23,False,False,False,False,False
216,Navigating the tree ,.parent,1,False,False,False,False,False
217,Navigating the tree ,.parent,1,False,False,False,False,False
218,Navigating the tree ,"title_tag
=
soup
.
title
title_tag
# <title>The Dormouse's story</title>
title_tag
.
parent
# <head><title>The Dormouse's story</title></head>",11,False,False,False,False,False
219,Navigating the tree ,"title_tag
.
string
.
parent
# <title>The Dormouse's story</title>",6,False,False,False,False,False
220,Navigating the tree ,BeautifulSoup,1,False,False,False,False,False
221,Navigating the tree ,"html_tag
=
soup
.
html
type
(
html_tag
.
parent
)
# <class 'bs4.BeautifulSoup'>",12,False,False,False,False,False
222,Navigating the tree ,.parent,1,False,False,False,False,False
223,Navigating the tree ,BeautifulSoup,1,False,False,False,False,False
224,Navigating the tree ,"print
(
soup
.
parent
)
# None",7,False,False,False,False,False
225,Navigating the tree ,.parents,1,False,False,False,False,False
226,Navigating the tree ,.parents,1,False,False,False,False,False
227,Navigating the tree ,.parents,1,False,False,False,False,False
228,Navigating the tree ,"link
=
soup
.
a
link
# <a class=""sister"" href=""http://example.com/elsie"" id=""link1"">Elsie</a>
for
parent
in
link
.
parents
:
print
(
parent
.
name
)
# p
# body
# html
# [document]",24,False,False,False,False,False
229,Navigating the tree ,.self_and_parents,1,False,False,False,False,False
230,Navigating the tree ,.self_and_parents,1,False,False,False,False,False
231,Navigating the tree ,.parents,1,False,False,False,False,False
232,Navigating the tree ,"for
tag
in
link
.
self_and_parents
:
print
(
tag
.
name
)
# link
# p
# body
# html
# [document]",18,False,False,False,False,False
233,Navigating the tree ,"sibling_soup
=
BeautifulSoup
(
""<a><b>text1</b><c>text2</c></a>""
,
'html.parser'
)
print
(
sibling_soup
.
prettify
())
#   <a>
#    <b>
#     text1
#    </b>
#    <c>
#     text2
#    </c>
#   </a>",22,False,False,False,False,False
234,Navigating the tree ,.next_sibling,1,False,False,False,False,False
235,Navigating the tree ,.previous_sibling,1,False,False,False,False,False
236,Navigating the tree ,.next_sibling,1,False,False,False,False,False
237,Navigating the tree ,.previous_sibling,1,False,False,False,False,False
238,Navigating the tree ,"sibling_soup
.
b
.
next_sibling
# <c>text2</c>
sibling_soup
.
c
.
previous_sibling
# <b>text1</b>",12,False,False,False,False,False
239,Navigating the tree ,.next_sibling,1,False,False,False,False,False
240,Navigating the tree ,.previous_sibling,1,False,False,False,False,False
241,Navigating the tree ,.previous_sibling,1,False,False,False,False,False
242,Navigating the tree ,.next_sibling,1,False,False,False,False,False
243,Navigating the tree ,"print
(
sibling_soup
.
b
.
previous_sibling
)
# None
print
(
sibling_soup
.
c
.
next_sibling
)
# None",18,False,False,False,False,False
244,Navigating the tree ,"sibling_soup
.
b
.
string
# 'text1'
print
(
sibling_soup
.
b
.
string
.
next_sibling
)
# None",17,False,False,False,False,False
245,Navigating the tree ,.next_sibling,1,False,False,False,False,False
246,Navigating the tree ,.previous_sibling,1,False,False,False,False,False
247,Navigating the tree ,"# <a href=""http://example.com/elsie"" class=""sister"" id=""link1"">Elsie</a>,
# <a href=""http://example.com/lacie"" class=""sister"" id=""link2"">Lacie</a> and
# <a href=""http://example.com/tillie"" class=""sister"" id=""link3"">Tillie</a>;",3,False,False,False,False,False
248,Navigating the tree ,.next_sibling,1,False,False,False,False,False
249,Navigating the tree ,"link
=
soup
.
a
link
# <a class=""sister"" href=""http://example.com/elsie"" id=""link1"">Elsie</a>
link
.
next_sibling
# ',\n '",11,False,False,False,False,False
250,Navigating the tree ,.next_sibling,1,False,False,False,False,False
251,Navigating the tree ,"link
.
next_sibling
.
next_sibling
# <a class=""sister"" href=""http://example.com/lacie"" id=""link2"">Lacie</a>",6,False,False,False,False,False
252,Navigating the tree ,.next_siblings,1,False,False,False,False,False
253,Navigating the tree ,.previous_siblings,1,False,False,False,False,False
254,Navigating the tree ,.next_siblings,1,False,False,False,False,False
255,Navigating the tree ,.previous_siblings,1,False,False,False,False,False
256,Navigating the tree ,"for
sibling
in
soup
.
a
.
next_siblings
:
print
(
repr
(
sibling
))
# ',\n'
# <a class=""sister"" href=""http://example.com/lacie"" id=""link2"">Lacie</a>
# ' and\n'
# <a class=""sister"" href=""http://example.com/tillie"" id=""link3"">Tillie</a>
# '; and they lived at the bottom of a well.'
for
sibling
in
soup
.
find
(
id
=
""link3""
)
.
previous_siblings
:
print
(
repr
(
sibling
))
# ' and\n'
# <a class=""sister"" href=""http://example.com/lacie"" id=""link2"">Lacie</a>
# ',\n'
# <a class=""sister"" href=""http://example.com/elsie"" id=""link1"">Elsie</a>
# 'Once upon a time there were three little sisters; and their names were\n'",45,False,False,False,False,False
257,Navigating the tree ,"# <html><head><title>The Dormouse's story</title></head>
# <p class=""title""><b>The Dormouse's story</b></p>",2,False,False,False,False,False
258,Navigating the tree ,.next_element,1,False,False,False,False,False
259,Navigating the tree ,.previous_element,1,False,False,False,False,False
260,Navigating the tree ,.next_element,1,False,False,False,False,False
261,Navigating the tree ,.next_sibling,1,False,False,False,False,False
262,Navigating the tree ,.next_sibling,1,False,False,False,False,False
263,Navigating the tree ,"last_a_tag
=
soup
.
find
(
""a""
,
id
=
""link3""
)
last_a_tag
# <a class=""sister"" href=""http://example.com/tillie"" id=""link3"">Tillie</a>
last_a_tag
.
next_sibling
# ';\nand they lived at the bottom of a well.'",18,False,False,False,False,False
264,Navigating the tree ,.next_element,1,False,False,False,False,False
265,Navigating the tree ,"last_a_tag
.
next_element
# 'Tillie'",4,False,False,False,False,False
266,Navigating the tree ,.previous_element,1,False,False,False,False,False
267,Navigating the tree ,.next_element,1,False,False,False,False,False
268,Navigating the tree ,"last_a_tag
.
previous_element
# ' and\n'
last_a_tag
.
previous_element
.
next_element
# <a class=""sister"" href=""http://example.com/tillie"" id=""link3"">Tillie</a>",10,False,False,False,False,False
269,Navigating the tree ,.next_elements,1,False,False,False,False,False
270,Navigating the tree ,.previous_elements,1,False,False,False,False,False
271,Navigating the tree ,"for
element
in
last_a_tag
.
next_elements
:
print
(
repr
(
element
))
# 'Tillie'
# ';\nand they lived at the bottom of a well.'
# '\n'
# <p class=""story"">...</p>
# '...'
# '\n'",19,False,False,False,False,False
272,Going down ,find(),1,False,True,False,False,False
273,Going down ,"soup
.
find
(
""head""
)
# <head><title>The Dormouse's story</title></head>",7,False,False,False,False,False
274,Going down ,find(),1,False,True,False,False,False
275,Going down ,soup.head,1,False,False,False,False,False
276,Going down ,"soup
.
head
# <head><title>The Dormouse's story</title></head>
soup
.
title
# <title>The Dormouse's story</title>",8,False,False,False,False,False
277,Going down ,"soup
.
body
.
b
# <b>The Dormouse's story</b>",6,False,False,False,False,False
278,Going down ,find(),1,False,True,False,False,False
279,Going down ,"soup
.
a
# <a class=""sister"" href=""http://example.com/elsie"" id=""link1"">Elsie</a>",4,False,False,False,False,False
280,Going down ,find_all(),1,True,False,False,False,False
281,Going down ,"soup
.
find_all
(
'a'
)
# [<a class=""sister"" href=""http://example.com/elsie"" id=""link1"">Elsie</a>,
#  <a class=""sister"" href=""http://example.com/lacie"" id=""link2"">Lacie</a>,
#  <a class=""sister"" href=""http://example.com/tillie"" id=""link3"">Tillie</a>]",9,True,False,False,False,False
282,Going down ,.contents,1,False,False,False,False,False
283,Going down ,.children,1,False,False,False,False,False
284,Going down ,.contents,1,False,False,False,False,False
285,Going down ,"head_tag
=
soup
.
head
head_tag
# <head><title>The Dormouse's story</title></head>
head_tag
.
contents
# [<title>The Dormouse's story</title>]
title_tag
=
head_tag
.
contents
[
0
]
title_tag
# <title>The Dormouse's story</title>
title_tag
.
contents
# ['The Dormouse's story']",25,False,False,False,False,False
286,Going down ,BeautifulSoup,1,False,False,False,False,False
287,Going down ,BeautifulSoup,1,False,False,False,False,False
288,Going down ,"len
(
soup
.
contents
)
# 1
soup
.
contents
[
0
]
.
name
# 'html'",16,False,False,False,False,False
289,Going down ,.contents,1,False,False,False,False,False
290,Going down ,"text
=
title_tag
.
contents
[
0
]
text
.
contents
# AttributeError: 'NavigableString' object has no attribute 'contents'",12,False,False,False,False,False
291,Going down ,.children,1,False,False,False,False,False
292,Going down ,"for
child
in
title_tag
.
children
:
print
(
child
)
# The Dormouse's story",12,False,False,False,False,False
293,Going down ,.contents,1,False,False,False,False,False
294,Going down ,.descendants,1,False,False,False,False,False
295,Going down ,.contents,1,False,False,False,False,False
296,Going down ,.children,1,False,False,False,False,False
297,Going down ,"head_tag
.
contents
# [<title>The Dormouse's story</title>]",4,False,False,False,False,False
298,Going down ,.descendants,1,False,False,False,False,False
299,Going down ,"for
child
in
head_tag
.
descendants
:
print
(
child
)
# <title>The Dormouse's story</title>
# The Dormouse's story",13,False,False,False,False,False
300,Going down ,BeautifulSoup,1,False,False,False,False,False
301,Going down ,"len
(
list
(
soup
.
children
))
# 1
len
(
list
(
soup
.
descendants
))
# 26",18,False,False,False,False,False
302,Going down ,.string,1,False,False,False,False,False
303,Going down ,NavigableString,1,False,False,False,False,False
304,Going down ,.string,1,False,False,False,False,False
305,Going down ,"title_tag
.
string
# 'The Dormouse's story'",4,False,False,False,False,False
306,Going down ,.string,1,False,False,False,False,False
307,Going down ,.string,1,False,False,False,False,False
308,Going down ,"head_tag
.
contents
# [<title>The Dormouse's story</title>]
head_tag
.
string
# 'The Dormouse's story'",8,False,False,False,False,False
309,Going down ,.string,1,False,False,False,False,False
310,Going down ,.string,1,False,False,False,False,False
311,Going down ,,1,False,False,False,False,False
312,Going down ,"print
(
soup
.
html
.
string
)
# None",9,False,False,False,False,False
313,Going down ,.strings,1,False,False,False,False,False
314,Going down ,stripped_strings,1,False,False,False,False,False
315,Going down ,.strings,1,False,False,False,False,False
316,Going down ,"for
string
in
soup
.
strings
:
print
(
repr
(
string
))
'
\n
'
# ""The Dormouse's story""
# '\n'
# '\n'
# ""The Dormouse's story""
# '\n'
# 'Once upon a time there were three little sisters; and their names were\n'
# 'Elsie'
# ',\n'
# 'Lacie'
# ' and\n'
# 'Tillie'
# ';\nand they lived at the bottom of a well.'
# '\n'
# '...'
# '\n'",31,False,False,False,False,False
317,Going down ,.stripped_strings,1,False,False,False,False,False
318,Going down ,"for
string
in
soup
.
stripped_strings
:
print
(
repr
(
string
))
# ""The Dormouse's story""
# ""The Dormouse's story""
# 'Once upon a time there were three little sisters; and their names were'
# 'Elsie'
# ','
# 'Lacie'
# 'and'
# 'Tillie'
# ';\n and they lived at the bottom of a well.'
# '...'",23,False,False,False,False,False
319,Navigating using tag names ,find(),1,False,True,False,False,False
320,Navigating using tag names ,"soup
.
find
(
""head""
)
# <head><title>The Dormouse's story</title></head>",7,False,False,False,False,False
321,Navigating using tag names ,find(),1,False,True,False,False,False
322,Navigating using tag names ,soup.head,1,False,False,False,False,False
323,Navigating using tag names ,"soup
.
head
# <head><title>The Dormouse's story</title></head>
soup
.
title
# <title>The Dormouse's story</title>",8,False,False,False,False,False
324,Navigating using tag names ,"soup
.
body
.
b
# <b>The Dormouse's story</b>",6,False,False,False,False,False
325,Navigating using tag names ,find(),1,False,True,False,False,False
326,Navigating using tag names ,"soup
.
a
# <a class=""sister"" href=""http://example.com/elsie"" id=""link1"">Elsie</a>",4,False,False,False,False,False
327,Navigating using tag names ,find_all(),1,True,False,False,False,False
328,Navigating using tag names ,"soup
.
find_all
(
'a'
)
# [<a class=""sister"" href=""http://example.com/elsie"" id=""link1"">Elsie</a>,
#  <a class=""sister"" href=""http://example.com/lacie"" id=""link2"">Lacie</a>,
#  <a class=""sister"" href=""http://example.com/tillie"" id=""link3"">Tillie</a>]",9,True,False,False,False,False
329,.contents and .children ,.contents,1,False,False,False,False,False
330,.contents and .children ,"head_tag
=
soup
.
head
head_tag
# <head><title>The Dormouse's story</title></head>
head_tag
.
contents
# [<title>The Dormouse's story</title>]
title_tag
=
head_tag
.
contents
[
0
]
title_tag
# <title>The Dormouse's story</title>
title_tag
.
contents
# ['The Dormouse's story']",25,False,False,False,False,False
331,.contents and .children ,BeautifulSoup,1,False,False,False,False,False
332,.contents and .children ,BeautifulSoup,1,False,False,False,False,False
333,.contents and .children ,"len
(
soup
.
contents
)
# 1
soup
.
contents
[
0
]
.
name
# 'html'",16,False,False,False,False,False
334,.contents and .children ,.contents,1,False,False,False,False,False
335,.contents and .children ,"text
=
title_tag
.
contents
[
0
]
text
.
contents
# AttributeError: 'NavigableString' object has no attribute 'contents'",12,False,False,False,False,False
336,.contents and .children ,.children,1,False,False,False,False,False
337,.contents and .children ,"for
child
in
title_tag
.
children
:
print
(
child
)
# The Dormouse's story",12,False,False,False,False,False
338,.contents and .children ,.contents,1,False,False,False,False,False
339,.descendants ,.contents,1,False,False,False,False,False
340,.descendants ,.children,1,False,False,False,False,False
341,.descendants ,"head_tag
.
contents
# [<title>The Dormouse's story</title>]",4,False,False,False,False,False
342,.descendants ,.descendants,1,False,False,False,False,False
343,.descendants ,"for
child
in
head_tag
.
descendants
:
print
(
child
)
# <title>The Dormouse's story</title>
# The Dormouse's story",13,False,False,False,False,False
344,.descendants ,BeautifulSoup,1,False,False,False,False,False
345,.descendants ,"len
(
list
(
soup
.
children
))
# 1
len
(
list
(
soup
.
descendants
))
# 26",18,False,False,False,False,False
346,.string ,NavigableString,1,False,False,False,False,False
347,.string ,.string,1,False,False,False,False,False
348,.string ,"title_tag
.
string
# 'The Dormouse's story'",4,False,False,False,False,False
349,.string ,.string,1,False,False,False,False,False
350,.string ,.string,1,False,False,False,False,False
351,.string ,"head_tag
.
contents
# [<title>The Dormouse's story</title>]
head_tag
.
string
# 'The Dormouse's story'",8,False,False,False,False,False
352,.string ,.string,1,False,False,False,False,False
353,.string ,.string,1,False,False,False,False,False
354,.string ,,1,False,False,False,False,False
355,.string ,"print
(
soup
.
html
.
string
)
# None",9,False,False,False,False,False
356,.strings and stripped_strings ,.strings,1,False,False,False,False,False
357,.strings and stripped_strings ,"for
string
in
soup
.
strings
:
print
(
repr
(
string
))
'
\n
'
# ""The Dormouse's story""
# '\n'
# '\n'
# ""The Dormouse's story""
# '\n'
# 'Once upon a time there were three little sisters; and their names were\n'
# 'Elsie'
# ',\n'
# 'Lacie'
# ' and\n'
# 'Tillie'
# ';\nand they lived at the bottom of a well.'
# '\n'
# '...'
# '\n'",31,False,False,False,False,False
358,.strings and stripped_strings ,.stripped_strings,1,False,False,False,False,False
359,.strings and stripped_strings ,"for
string
in
soup
.
stripped_strings
:
print
(
repr
(
string
))
# ""The Dormouse's story""
# ""The Dormouse's story""
# 'Once upon a time there were three little sisters; and their names were'
# 'Elsie'
# ','
# 'Lacie'
# 'and'
# 'Tillie'
# ';\n and they lived at the bottom of a well.'
# '...'",23,False,False,False,False,False
360,Going up ,.parent,1,False,False,False,False,False
361,Going up ,.parent,1,False,False,False,False,False
362,Going up ,"title_tag
=
soup
.
title
title_tag
# <title>The Dormouse's story</title>
title_tag
.
parent
# <head><title>The Dormouse's story</title></head>",11,False,False,False,False,False
363,Going up ,"title_tag
.
string
.
parent
# <title>The Dormouse's story</title>",6,False,False,False,False,False
364,Going up ,BeautifulSoup,1,False,False,False,False,False
365,Going up ,"html_tag
=
soup
.
html
type
(
html_tag
.
parent
)
# <class 'bs4.BeautifulSoup'>",12,False,False,False,False,False
366,Going up ,.parent,1,False,False,False,False,False
367,Going up ,BeautifulSoup,1,False,False,False,False,False
368,Going up ,"print
(
soup
.
parent
)
# None",7,False,False,False,False,False
369,Going up ,.parents,1,False,False,False,False,False
370,Going up ,.parents,1,False,False,False,False,False
371,Going up ,.parents,1,False,False,False,False,False
372,Going up ,"link
=
soup
.
a
link
# <a class=""sister"" href=""http://example.com/elsie"" id=""link1"">Elsie</a>
for
parent
in
link
.
parents
:
print
(
parent
.
name
)
# p
# body
# html
# [document]",24,False,False,False,False,False
373,Going up ,.self_and_parents,1,False,False,False,False,False
374,Going up ,.self_and_parents,1,False,False,False,False,False
375,Going up ,.parents,1,False,False,False,False,False
376,Going up ,"for
tag
in
link
.
self_and_parents
:
print
(
tag
.
name
)
# link
# p
# body
# html
# [document]",18,False,False,False,False,False
377,.parent ,.parent,1,False,False,False,False,False
378,.parent ,"title_tag
=
soup
.
title
title_tag
# <title>The Dormouse's story</title>
title_tag
.
parent
# <head><title>The Dormouse's story</title></head>",11,False,False,False,False,False
379,.parent ,"title_tag
.
string
.
parent
# <title>The Dormouse's story</title>",6,False,False,False,False,False
380,.parent ,BeautifulSoup,1,False,False,False,False,False
381,.parent ,"html_tag
=
soup
.
html
type
(
html_tag
.
parent
)
# <class 'bs4.BeautifulSoup'>",12,False,False,False,False,False
382,.parent ,.parent,1,False,False,False,False,False
383,.parent ,BeautifulSoup,1,False,False,False,False,False
384,.parent ,"print
(
soup
.
parent
)
# None",7,False,False,False,False,False
385,.parents ,.parents,1,False,False,False,False,False
386,.parents ,.parents,1,False,False,False,False,False
387,.parents ,"link
=
soup
.
a
link
# <a class=""sister"" href=""http://example.com/elsie"" id=""link1"">Elsie</a>
for
parent
in
link
.
parents
:
print
(
parent
.
name
)
# p
# body
# html
# [document]",24,False,False,False,False,False
388,.self_and_parents ,.self_and_parents,1,False,False,False,False,False
389,.self_and_parents ,.parents,1,False,False,False,False,False
390,.self_and_parents ,"for
tag
in
link
.
self_and_parents
:
print
(
tag
.
name
)
# link
# p
# body
# html
# [document]",18,False,False,False,False,False
391,Going sideways ,"sibling_soup
=
BeautifulSoup
(
""<a><b>text1</b><c>text2</c></a>""
,
'html.parser'
)
print
(
sibling_soup
.
prettify
())
#   <a>
#    <b>
#     text1
#    </b>
#    <c>
#     text2
#    </c>
#   </a>",22,False,False,False,False,False
392,Going sideways ,.next_sibling,1,False,False,False,False,False
393,Going sideways ,.previous_sibling,1,False,False,False,False,False
394,Going sideways ,.next_sibling,1,False,False,False,False,False
395,Going sideways ,.previous_sibling,1,False,False,False,False,False
396,Going sideways ,"sibling_soup
.
b
.
next_sibling
# <c>text2</c>
sibling_soup
.
c
.
previous_sibling
# <b>text1</b>",12,False,False,False,False,False
397,Going sideways ,.next_sibling,1,False,False,False,False,False
398,Going sideways ,.previous_sibling,1,False,False,False,False,False
399,Going sideways ,.previous_sibling,1,False,False,False,False,False
400,Going sideways ,.next_sibling,1,False,False,False,False,False
401,Going sideways ,"print
(
sibling_soup
.
b
.
previous_sibling
)
# None
print
(
sibling_soup
.
c
.
next_sibling
)
# None",18,False,False,False,False,False
402,Going sideways ,"sibling_soup
.
b
.
string
# 'text1'
print
(
sibling_soup
.
b
.
string
.
next_sibling
)
# None",17,False,False,False,False,False
403,Going sideways ,.next_sibling,1,False,False,False,False,False
404,Going sideways ,.previous_sibling,1,False,False,False,False,False
405,Going sideways ,"# <a href=""http://example.com/elsie"" class=""sister"" id=""link1"">Elsie</a>,
# <a href=""http://example.com/lacie"" class=""sister"" id=""link2"">Lacie</a> and
# <a href=""http://example.com/tillie"" class=""sister"" id=""link3"">Tillie</a>;",3,False,False,False,False,False
406,Going sideways ,.next_sibling,1,False,False,False,False,False
407,Going sideways ,"link
=
soup
.
a
link
# <a class=""sister"" href=""http://example.com/elsie"" id=""link1"">Elsie</a>
link
.
next_sibling
# ',\n '",11,False,False,False,False,False
408,Going sideways ,.next_sibling,1,False,False,False,False,False
409,Going sideways ,"link
.
next_sibling
.
next_sibling
# <a class=""sister"" href=""http://example.com/lacie"" id=""link2"">Lacie</a>",6,False,False,False,False,False
410,Going sideways ,.next_siblings,1,False,False,False,False,False
411,Going sideways ,.previous_siblings,1,False,False,False,False,False
412,Going sideways ,.next_siblings,1,False,False,False,False,False
413,Going sideways ,.previous_siblings,1,False,False,False,False,False
414,Going sideways ,"for
sibling
in
soup
.
a
.
next_siblings
:
print
(
repr
(
sibling
))
# ',\n'
# <a class=""sister"" href=""http://example.com/lacie"" id=""link2"">Lacie</a>
# ' and\n'
# <a class=""sister"" href=""http://example.com/tillie"" id=""link3"">Tillie</a>
# '; and they lived at the bottom of a well.'
for
sibling
in
soup
.
find
(
id
=
""link3""
)
.
previous_siblings
:
print
(
repr
(
sibling
))
# ' and\n'
# <a class=""sister"" href=""http://example.com/lacie"" id=""link2"">Lacie</a>
# ',\n'
# <a class=""sister"" href=""http://example.com/elsie"" id=""link1"">Elsie</a>
# 'Once upon a time there were three little sisters; and their names were\n'",45,False,False,False,False,False
415,.next_sibling and .previous_sibling ,.next_sibling,1,False,False,False,False,False
416,.next_sibling and .previous_sibling ,.previous_sibling,1,False,False,False,False,False
417,.next_sibling and .previous_sibling ,"sibling_soup
.
b
.
next_sibling
# <c>text2</c>
sibling_soup
.
c
.
previous_sibling
# <b>text1</b>",12,False,False,False,False,False
418,.next_sibling and .previous_sibling ,.next_sibling,1,False,False,False,False,False
419,.next_sibling and .previous_sibling ,.previous_sibling,1,False,False,False,False,False
420,.next_sibling and .previous_sibling ,.previous_sibling,1,False,False,False,False,False
421,.next_sibling and .previous_sibling ,.next_sibling,1,False,False,False,False,False
422,.next_sibling and .previous_sibling ,"print
(
sibling_soup
.
b
.
previous_sibling
)
# None
print
(
sibling_soup
.
c
.
next_sibling
)
# None",18,False,False,False,False,False
423,.next_sibling and .previous_sibling ,"sibling_soup
.
b
.
string
# 'text1'
print
(
sibling_soup
.
b
.
string
.
next_sibling
)
# None",17,False,False,False,False,False
424,.next_sibling and .previous_sibling ,.next_sibling,1,False,False,False,False,False
425,.next_sibling and .previous_sibling ,.previous_sibling,1,False,False,False,False,False
426,.next_sibling and .previous_sibling ,"# <a href=""http://example.com/elsie"" class=""sister"" id=""link1"">Elsie</a>,
# <a href=""http://example.com/lacie"" class=""sister"" id=""link2"">Lacie</a> and
# <a href=""http://example.com/tillie"" class=""sister"" id=""link3"">Tillie</a>;",3,False,False,False,False,False
427,.next_sibling and .previous_sibling ,.next_sibling,1,False,False,False,False,False
428,.next_sibling and .previous_sibling ,"link
=
soup
.
a
link
# <a class=""sister"" href=""http://example.com/elsie"" id=""link1"">Elsie</a>
link
.
next_sibling
# ',\n '",11,False,False,False,False,False
429,.next_sibling and .previous_sibling ,.next_sibling,1,False,False,False,False,False
430,.next_sibling and .previous_sibling ,"link
.
next_sibling
.
next_sibling
# <a class=""sister"" href=""http://example.com/lacie"" id=""link2"">Lacie</a>",6,False,False,False,False,False
431,.next_siblings and .previous_siblings ,.next_siblings,1,False,False,False,False,False
432,.next_siblings and .previous_siblings ,.previous_siblings,1,False,False,False,False,False
433,.next_siblings and .previous_siblings ,"for
sibling
in
soup
.
a
.
next_siblings
:
print
(
repr
(
sibling
))
# ',\n'
# <a class=""sister"" href=""http://example.com/lacie"" id=""link2"">Lacie</a>
# ' and\n'
# <a class=""sister"" href=""http://example.com/tillie"" id=""link3"">Tillie</a>
# '; and they lived at the bottom of a well.'
for
sibling
in
soup
.
find
(
id
=
""link3""
)
.
previous_siblings
:
print
(
repr
(
sibling
))
# ' and\n'
# <a class=""sister"" href=""http://example.com/lacie"" id=""link2"">Lacie</a>
# ',\n'
# <a class=""sister"" href=""http://example.com/elsie"" id=""link1"">Elsie</a>
# 'Once upon a time there were three little sisters; and their names were\n'",45,False,False,False,False,False
434,Going back and forth ,"# <html><head><title>The Dormouse's story</title></head>
# <p class=""title""><b>The Dormouse's story</b></p>",2,False,False,False,False,False
435,Going back and forth ,.next_element,1,False,False,False,False,False
436,Going back and forth ,.previous_element,1,False,False,False,False,False
437,Going back and forth ,.next_element,1,False,False,False,False,False
438,Going back and forth ,.next_sibling,1,False,False,False,False,False
439,Going back and forth ,.next_sibling,1,False,False,False,False,False
440,Going back and forth ,"last_a_tag
=
soup
.
find
(
""a""
,
id
=
""link3""
)
last_a_tag
# <a class=""sister"" href=""http://example.com/tillie"" id=""link3"">Tillie</a>
last_a_tag
.
next_sibling
# ';\nand they lived at the bottom of a well.'",18,False,False,False,False,False
441,Going back and forth ,.next_element,1,False,False,False,False,False
442,Going back and forth ,"last_a_tag
.
next_element
# 'Tillie'",4,False,False,False,False,False
443,Going back and forth ,.previous_element,1,False,False,False,False,False
444,Going back and forth ,.next_element,1,False,False,False,False,False
445,Going back and forth ,"last_a_tag
.
previous_element
# ' and\n'
last_a_tag
.
previous_element
.
next_element
# <a class=""sister"" href=""http://example.com/tillie"" id=""link3"">Tillie</a>",10,False,False,False,False,False
446,Going back and forth ,.next_elements,1,False,False,False,False,False
447,Going back and forth ,.previous_elements,1,False,False,False,False,False
448,Going back and forth ,"for
element
in
last_a_tag
.
next_elements
:
print
(
repr
(
element
))
# 'Tillie'
# ';\nand they lived at the bottom of a well.'
# '\n'
# <p class=""story"">...</p>
# '...'
# '\n'",19,False,False,False,False,False
449,.next_element and .previous_element ,.next_element,1,False,False,False,False,False
450,.next_element and .previous_element ,.next_sibling,1,False,False,False,False,False
451,.next_element and .previous_element ,.next_sibling,1,False,False,False,False,False
452,.next_element and .previous_element ,"last_a_tag
=
soup
.
find
(
""a""
,
id
=
""link3""
)
last_a_tag
# <a class=""sister"" href=""http://example.com/tillie"" id=""link3"">Tillie</a>
last_a_tag
.
next_sibling
# ';\nand they lived at the bottom of a well.'",18,False,False,False,False,False
453,.next_element and .previous_element ,.next_element,1,False,False,False,False,False
454,.next_element and .previous_element ,"last_a_tag
.
next_element
# 'Tillie'",4,False,False,False,False,False
455,.next_element and .previous_element ,.previous_element,1,False,False,False,False,False
456,.next_element and .previous_element ,.next_element,1,False,False,False,False,False
457,.next_element and .previous_element ,"last_a_tag
.
previous_element
# ' and\n'
last_a_tag
.
previous_element
.
next_element
# <a class=""sister"" href=""http://example.com/tillie"" id=""link3"">Tillie</a>",10,False,False,False,False,False
458,.next_elements and .previous_elements ,"for
element
in
last_a_tag
.
next_elements
:
print
(
repr
(
element
))
# 'Tillie'
# ';\nand they lived at the bottom of a well.'
# '\n'
# <p class=""story"">...</p>
# '...'
# '\n'",19,False,False,False,False,False
459,Searching the tree ,find(),1,False,True,False,False,False
460,Searching the tree ,find_all(),1,True,False,False,False,False
461,Searching the tree ,"html_doc
=
""""""
<html><head><title>The Dormouse's story</title></head>
<body>
<p class=""title""><b>The Dormouse's story</b></p>
<p class=""story"">Once upon a time there were three little sisters; and their names were
<a href=""http://example.com/elsie"" class=""sister"" id=""link1"">Elsie</a>,
<a href=""http://example.com/lacie"" class=""sister"" id=""link2"">Lacie</a> and
<a href=""http://example.com/tillie"" class=""sister"" id=""link3"">Tillie</a>;
and they lived at the bottom of a well.</p>
<p class=""story"">...</p>
""""""
from
bs4
import
BeautifulSoup
soup
=
BeautifulSoup
(
html_doc
,
'html.parser'
)",25,False,False,False,False,False
462,Searching the tree ,find_all(),1,True,False,False,False,False
463,Searching the tree ,find_all(),1,True,False,False,False,False
464,Searching the tree ,"soup
.
find_all
(
'b'
)
# [<b>The Dormouse's story</b>]",7,True,False,False,False,False
465,Searching the tree ,search(),1,False,False,False,False,False
466,Searching the tree ,"import
re
for
tag
in
soup
.
find_all
(
re
.
compile
(
""^b""
)):
print
(
tag
.
name
)
# body
# b",23,True,False,False,False,False
467,Searching the tree ,"for
tag
in
soup
.
find_all
(
re
.
compile
(
""t""
)):
print
(
tag
.
name
)
# html
# title",21,True,False,False,False,False
468,Searching the tree ,True,1,False,False,False,False,False
469,Searching the tree ,True,1,False,False,False,False,False
470,Searching the tree ,"for
tag
in
soup
.
find_all
(
True
):
print
(
tag
.
name
)
# html
# head
# title
# body
# p
# b
# p
# a
# a
# a
# p",26,True,False,False,False,False
471,Searching the tree ,True,1,False,False,False,False,False
472,Searching the tree ,False,1,False,False,False,False,False
473,Searching the tree ,True,1,False,False,False,False,False
474,Searching the tree ,"def
has_class_but_no_id
(
tag
):
return
tag
.
has_attr
(
'class'
)
and
not
tag
.
has_attr
(
'id'
)",20,False,False,False,False,False
475,Searching the tree ,find_all(),1,True,False,False,False,False
476,Searching the tree ,"soup
.
find_all
(
has_class_but_no_id
)
# [<p class=""title""><b>The Dormouse's story</b></p>,
#  <p class=""story"">Once upon a time there were…bottom of a well.</p>,
#  <p class=""story"">...</p>]",9,True,False,False,False,False
477,Searching the tree ,True,1,False,False,False,False,False
478,Searching the tree ,"from
bs4
import
NavigableString
def
surrounded_by_strings
(
tag
):
return
(
isinstance
(
tag
.
next_element
,
NavigableString
)
and
isinstance
(
tag
.
previous_element
,
NavigableString
))
for
tag
in
soup
.
find_all
(
surrounded_by_strings
):
print
(
tag
.
name
)
# body
# p
# a
# a
# a
# p",49,True,False,False,False,False
479,Searching the tree ,"soup
.
find_all
([
""a""
,
""b""
])
# [<b>The Dormouse's story</b>,
#  <a class=""sister"" href=""http://example.com/elsie"" id=""link1"">Elsie</a>,
#  <a class=""sister"" href=""http://example.com/lacie"" id=""link2"">Lacie</a>,
#  <a class=""sister"" href=""http://example.com/tillie"" id=""link3"">Tillie</a>]",12,True,False,False,False,False
480,Searching the tree ,find_all(),1,True,False,False,False,False
481,Searching the tree ,find_all(),1,True,False,False,False,False
482,Searching the tree ,"soup
.
find_all
(
""title""
)
# [<title>The Dormouse's story</title>]
soup
.
find_all
(
""p""
,
""title""
)
# [<p class=""title""><b>The Dormouse's story</b></p>]
soup
.
find_all
(
""a""
)
# [<a class=""sister"" href=""http://example.com/elsie"" id=""link1"">Elsie</a>,
#  <a class=""sister"" href=""http://example.com/lacie"" id=""link2"">Lacie</a>,
#  <a class=""sister"" href=""http://example.com/tillie"" id=""link3"">Tillie</a>]
soup
.
find_all
(
id
=
""link2""
)
# [<a class=""sister"" href=""http://example.com/lacie"" id=""link2"">Lacie</a>]
import
re
soup
.
find
(
string
=
re
.
compile
(
""sisters""
))
# 'Once upon a time there were three little sisters; and their names were\n'",49,True,False,False,False,False
483,Searching the tree ,string,1,False,False,False,False,False
484,Searching the tree ,id,1,False,False,False,False,False
485,Searching the tree ,"find_all(""p"",
""title"")",2,True,False,False,False,False
486,Searching the tree ,find_all(),1,True,False,False,False,False
487,Searching the tree ,name,1,False,False,False,False,False
488,Searching the tree ,name,1,False,False,False,False,False
489,Searching the tree ,"soup
.
find_all
(
""title""
)
# [<title>The Dormouse's story</title>]",7,True,False,False,False,False
490,Searching the tree ,name,1,False,False,False,False,False
491,Searching the tree ,id,1,False,False,False,False,False
492,Searching the tree ,"soup
.
find_all
(
id
=
'link2'
)
# [<a class=""sister"" href=""http://example.com/lacie"" id=""link2"">Lacie</a>]",9,True,False,False,False,False
493,Searching the tree ,href,1,False,False,False,False,False
494,Searching the tree ,"soup
.
find_all
(
href
=
re
.
compile
(
""elsie""
))
# [<a class=""sister"" href=""http://example.com/elsie"" id=""link1"">Elsie</a>]",13,True,False,False,False,False
495,Searching the tree ,True,1,False,False,False,False,False
496,Searching the tree ,id,1,False,False,False,False,False
497,Searching the tree ,"soup
.
find_all
(
id
=
True
)
# [<a class=""sister"" href=""http://example.com/elsie"" id=""link1"">Elsie</a>,
#  <a class=""sister"" href=""http://example.com/lacie"" id=""link2"">Lacie</a>,
#  <a class=""sister"" href=""http://example.com/tillie"" id=""link3"">Tillie</a>]",11,True,False,False,False,False
498,Searching the tree ,True,1,False,False,False,False,False
499,Searching the tree ,False,1,False,False,False,False,False
500,Searching the tree ,a,1,False,False,False,False,False
501,Searching the tree ,href,1,False,False,False,False,False
502,Searching the tree ,"import
re
def
not_lacie
(
href
):
return
href
and
not
re
.
compile
(
""lacie""
)
.
search
(
href
)
soup
.
find_all
(
href
=
not_lacie
)
# [<a class=""sister"" href=""http://example.com/elsie"" id=""link1"">Elsie</a>,
#  <a class=""sister"" href=""http://example.com/tillie"" id=""link3"">Tillie</a>]",32,True,False,False,False,False
503,Searching the tree ,"soup
.
find_all
(
id
=
[
""link1""
,
re
.
compile
(
""3$""
)])
# [<a class=""sister"" href=""http://example.com/elsie"" id=""link1"">Elsie</a>,
#  <a class=""sister"" href=""http://example.com/tillie"" id=""link3"">Tillie</a>]",17,True,False,False,False,False
504,Searching the tree ,"soup
.
find_all
(
href
=
re
.
compile
(
""elsie""
),
id
=
'link1'
)
# [<a class=""sister"" href=""http://example.com/elsie"" id=""link1"">Elsie</a>]",17,True,False,False,False,False
505,Searching the tree ,"data_soup
=
BeautifulSoup
(
'<div data-foo=""value"">foo!</div>'
,
'html.parser'
)
data_soup
.
find_all
(
data
-
foo
=
""value""
)
# SyntaxError: keyword can't be an expression",19,True,False,False,False,False
506,Searching the tree ,find_all(),1,True,False,False,False,False
507,Searching the tree ,attrs,1,False,False,False,False,False
508,Searching the tree ,"data_soup
.
find_all
(
attrs
=
{
""data-foo""
:
""value""
})
# [<div data-foo=""value"">foo!</div>]",12,True,False,False,False,False
509,Searching the tree ,name,1,False,False,False,False,False
510,Searching the tree ,attrs,1,False,False,False,False,False
511,Searching the tree ,"name_soup
=
BeautifulSoup
(
'<input name=""email""/>'
,
'html.parser'
)
name_soup
.
find_all
(
name
=
""email""
)
# []
name_soup
.
find_all
(
attrs
=
{
""name""
:
""email""
})
# [<input name=""email""/>]",29,True,False,False,False,False
512,Searching the tree ,class,1,False,False,False,False,False
513,Searching the tree ,class_,1,False,False,False,False,False
514,Searching the tree ,"soup
.
find_all
(
""a""
,
class_
=
""sister""
)
# [<a class=""sister"" href=""http://example.com/elsie"" id=""link1"">Elsie</a>,
#  <a class=""sister"" href=""http://example.com/lacie"" id=""link2"">Lacie</a>,
#  <a class=""sister"" href=""http://example.com/tillie"" id=""link3"">Tillie</a>]",13,True,False,False,False,False
515,Searching the tree ,class_,1,False,False,False,False,False
516,Searching the tree ,True,1,False,False,False,False,False
517,Searching the tree ,"soup
.
find_all
(
class_
=
re
.
compile
(
""itl""
))
# [<p class=""title""><b>The Dormouse's story</b></p>]
def
has_six_characters
(
css_class
):
return
css_class
is
not
None
and
len
(
css_class
)
==
6
soup
.
find_all
(
class_
=
has_six_characters
)
# [<a class=""sister"" href=""http://example.com/elsie"" id=""link1"">Elsie</a>,
#  <a class=""sister"" href=""http://example.com/lacie"" id=""link2"">Lacie</a>,
#  <a class=""sister"" href=""http://example.com/tillie"" id=""link3"">Tillie</a>]",41,True,False,False,False,False
518,Searching the tree ,"css_soup
=
BeautifulSoup
(
'<p class=""body strikeout""></p>'
,
'html.parser'
)
css_soup
.
find_all
(
""p""
,
class_
=
""strikeout""
)
# [<p class=""body strikeout""></p>]
css_soup
.
find_all
(
""p""
,
class_
=
""body""
)
# [<p class=""body strikeout""></p>]",30,True,False,False,False,False
519,Searching the tree ,class,1,False,False,False,False,False
520,Searching the tree ,"css_soup
.
find_all
(
""p""
,
class_
=
""body strikeout""
)
# [<p class=""body strikeout""></p>]",11,True,False,False,False,False
521,Searching the tree ,"css_soup
.
find_all
(
""p""
,
class_
=
""strikeout body""
)
# []",11,True,False,False,False,False
522,Searching the tree ,class_,1,False,False,False,False,False
523,Searching the tree ,attrs,1,False,False,False,False,False
524,Searching the tree ,"soup
.
find_all
(
""a""
,
attrs
=
{
""class""
:
""sister""
})
# [<a class=""sister"" href=""http://example.com/elsie"" id=""link1"">Elsie</a>,
#  <a class=""sister"" href=""http://example.com/lacie"" id=""link2"">Lacie</a>,
#  <a class=""sister"" href=""http://example.com/tillie"" id=""link3"">Tillie</a>]",16,True,False,False,False,False
525,Searching the tree ,Tag.select(),1,False,False,True,False,False
526,Searching the tree ,"css_soup
.
select
(
""p.strikeout.body""
)
# [<p class=""body strikeout""></p>]",7,False,False,True,False,False
527,Searching the tree ,string,1,False,False,False,False,False
528,Searching the tree ,string,1,False,False,False,False,False
529,Searching the tree ,name,1,False,False,False,False,False
530,Searching the tree ,"soup
.
find_all
(
string
=
""Elsie""
)
# ['Elsie']
soup
.
find_all
(
string
=
[
""Tillie""
,
""Elsie""
,
""Lacie""
])
# ['Elsie', 'Lacie', 'Tillie']
soup
.
find_all
(
string
=
re
.
compile
(
""Dormouse""
))
# [""The Dormouse's story"", ""The Dormouse's story""]
def
is_the_only_string_within_a_tag
(
s
):
""""""Return True if this string is the only child of its parent tag.""""""
return
(
s
==
s
.
parent
.
string
)
soup
.
find_all
(
string
=
is_the_only_string_within_a_tag
)
# [""The Dormouse's story"", ""The Dormouse's story"", 'Elsie', 'Lacie', 'Tillie', '...']",61,True,False,False,False,False
531,Searching the tree ,string,1,False,False,False,False,False
532,Searching the tree ,.string,1,False,False,False,False,False
533,Searching the tree ,string,1,False,False,False,False,False
534,Searching the tree ,.string,1,False,False,False,False,False
535,Searching the tree ,"soup
.
find_all
(
""a""
,
string
=
""Elsie""
)
# [<a href=""http://example.com/elsie"" class=""sister"" id=""link1"">Elsie</a>]",11,True,False,False,False,False
536,Searching the tree ,string,1,False,False,False,False,False
537,Searching the tree ,text,1,False,False,False,False,False
538,Searching the tree ,"soup
.
find_all
(
""a""
,
text
=
""Elsie""
)
# [<a href=""http://example.com/elsie"" class=""sister"" id=""link1"">Elsie</a>]",11,True,False,False,False,False
539,Searching the tree ,limit,1,False,False,False,False,False
540,Searching the tree ,find_all(),1,True,False,False,False,False
541,Searching the tree ,limit,1,False,False,False,False,False
542,Searching the tree ,"soup
.
find_all
(
""a""
,
limit
=
2
)
# [<a class=""sister"" href=""http://example.com/elsie"" id=""link1"">Elsie</a>,
#  <a class=""sister"" href=""http://example.com/lacie"" id=""link2"">Lacie</a>]",12,True,False,False,False,False
543,Searching the tree ,recursive,1,False,False,False,False,False
544,Searching the tree ,mytag.find_all(),1,True,False,False,False,False
545,Searching the tree ,mytag,1,False,False,False,False,False
546,Searching the tree ,recursive=False,1,False,False,False,False,False
547,Searching the tree ,"soup
.
html
.
find_all
(
""title""
)
# [<title>The Dormouse's story</title>]
soup
.
html
.
find_all
(
""title""
,
recursive
=
False
)
# []",22,True,False,False,False,False
548,Searching the tree ,"<
html
>
<
head
>
<
title
>
The
Dormouse
's story
</
title
>
</
head
>
...",19,False,False,False,False,False
549,Searching the tree ,recursive=False,1,False,False,False,False,False
550,Searching the tree ,find_all(),1,True,False,False,False,False
551,Searching the tree ,name,1,False,False,False,False,False
552,Searching the tree ,attrs,1,False,False,False,False,False
553,Searching the tree ,string,1,False,False,False,False,False
554,Searching the tree ,limit,1,False,False,False,False,False
555,Searching the tree ,recursive,1,False,False,False,False,False
556,Searching the tree ,find_all(),1,True,False,False,False,False
557,Searching the tree ,find(),1,False,True,False,False,False
558,Searching the tree ,recursive=False,1,False,False,False,False,False
559,Searching the tree ,find_parents(),1,False,False,False,False,False
560,Searching the tree ,find_all(),1,True,False,False,False,False
561,Searching the tree ,BeautifulSoup,1,False,False,False,False,False
562,Searching the tree ,Tag,1,False,False,False,False,False
563,Searching the tree ,find_all(),1,True,False,False,False,False
564,Searching the tree ,"soup
.
find_all
(
""a""
)
soup
(
""a""
)",10,True,False,False,False,False
565,Searching the tree ,"soup
.
title
.
find_all
(
string
=
True
)
soup
.
title
(
string
=
True
)",18,True,False,False,False,False
566,Searching the tree ,find(),1,False,True,False,False,False
567,Searching the tree ,find_all(),1,True,False,False,False,False
568,Searching the tree ,limit=1,1,False,False,False,False,False
569,Searching the tree ,find_all,1,True,False,False,False,False
570,Searching the tree ,find(),1,False,True,False,False,False
571,Searching the tree ,"soup
.
find_all
(
'title'
,
limit
=
1
)
# [<title>The Dormouse's story</title>]
soup
.
find
(
'title'
)
# <title>The Dormouse's story</title>",18,True,False,False,False,False
572,Searching the tree ,find_all(),1,True,False,False,False,False
573,Searching the tree ,find(),1,False,True,False,False,False
574,Searching the tree ,find_all(),1,True,False,False,False,False
575,Searching the tree ,find(),1,False,True,False,False,False
576,Searching the tree ,,1,False,False,False,False,False
577,Searching the tree ,"print
(
soup
.
find
(
""nosuchtag""
))
# None",9,False,False,False,False,False
578,Searching the tree ,soup.head.title,1,False,False,False,False,False
579,Searching the tree ,find(),1,False,True,False,False,False
580,Searching the tree ,"soup
.
head
.
title
# <title>The Dormouse's story</title>
soup
.
find
(
""head""
)
.
find
(
""title""
)
# <title>The Dormouse's story</title>",18,False,False,False,False,False
581,Searching the tree ,find_parents(),1,False,False,False,False,False
582,Searching the tree ,find_parent(),1,False,False,False,False,False
583,Searching the tree ,find_all(),1,True,False,False,False,False
584,Searching the tree ,find(),1,False,True,False,False,False
585,Searching the tree ,find_all(),1,True,False,False,False,False
586,Searching the tree ,find(),1,False,True,False,False,False
587,Searching the tree ,find_parents(),1,False,False,False,False,False
588,Searching the tree ,find_parent(),1,False,False,False,False,False
589,Searching the tree ,find_all(),1,True,False,False,False,False
590,Searching the tree ,find(),1,False,True,False,False,False
591,Searching the tree ,"a_string
=
soup
.
find
(
string
=
""Lacie""
)
a_string
# 'Lacie'
a_string
.
find_parents
(
""a""
)
# [<a class=""sister"" href=""http://example.com/lacie"" id=""link2"">Lacie</a>]
a_string
.
find_parent
(
""p""
)
# <p class=""story"">Once upon a time there were three little sisters; and their names were
#  <a class=""sister"" href=""http://example.com/elsie"" id=""link1"">Elsie</a>,
#  <a class=""sister"" href=""http://example.com/lacie"" id=""link2"">Lacie</a> and
#  <a class=""sister"" href=""http://example.com/tillie"" id=""link3"">Tillie</a>;
#  and they lived at the bottom of a well.</p>
a_string
.
find_parents
(
""p""
,
class_
=
""title""
)
# []",41,False,False,False,False,False
592,Searching the tree ,find_parents(),1,False,False,False,False,False
593,Searching the tree ,find_parent(),1,False,False,False,False,False
594,Searching the tree ,find_parents(),1,False,False,False,False,False
595,Searching the tree ,.parents,1,False,False,False,False,False
596,Searching the tree ,find_next_siblings(),1,False,False,False,False,False
597,Searching the tree ,find_next_sibling(),1,False,False,False,False,False
598,Searching the tree ,find_next_siblings(),1,False,False,False,False,False
599,Searching the tree ,find_next_sibling(),1,False,False,False,False,False
600,Searching the tree ,"first_link
=
soup
.
a
first_link
# <a class=""sister"" href=""http://example.com/elsie"" id=""link1"">Elsie</a>
first_link
.
find_next_siblings
(
""a""
)
# [<a class=""sister"" href=""http://example.com/lacie"" id=""link2"">Lacie</a>,
#  <a class=""sister"" href=""http://example.com/tillie"" id=""link3"">Tillie</a>]
first_story_paragraph
=
soup
.
find
(
""p""
,
""story""
)
first_story_paragraph
.
find_next_sibling
(
""p""
)
# <p class=""story"">...</p>",32,False,False,False,False,False
601,Searching the tree ,find_previous_siblings(),1,False,False,False,False,False
602,Searching the tree ,find_previous_sibling(),1,False,False,False,False,False
603,Searching the tree ,find_previous_siblings(),1,False,False,False,False,False
604,Searching the tree ,find_previous_sibling(),1,False,False,False,False,False
605,Searching the tree ,"last_link
=
soup
.
find
(
""a""
,
id
=
""link3""
)
last_link
# <a class=""sister"" href=""http://example.com/tillie"" id=""link3"">Tillie</a>
last_link
.
find_previous_siblings
(
""a""
)
# [<a class=""sister"" href=""http://example.com/lacie"" id=""link2"">Lacie</a>,
#  <a class=""sister"" href=""http://example.com/elsie"" id=""link1"">Elsie</a>]
first_story_paragraph
=
soup
.
find
(
""p""
,
""story""
)
first_story_paragraph
.
find_previous_sibling
(
""p""
)
# <p class=""title""><b>The Dormouse's story</b></p>",39,False,False,False,False,False
606,Searching the tree ,find_all_next(),1,True,False,False,False,False
607,Searching the tree ,find_next(),1,False,False,False,False,False
608,Searching the tree ,find_all_next(),1,True,False,False,False,False
609,Searching the tree ,find_next(),1,False,False,False,False,False
610,Searching the tree ,"first_link
=
soup
.
a
first_link
# <a class=""sister"" href=""http://example.com/elsie"" id=""link1"">Elsie</a>
first_link
.
find_all_next
(
string
=
True
)
# ['Elsie', ',\n', 'Lacie', ' and\n', 'Tillie',
#  ';\nand they lived at the bottom of a well.', '\n', '...', '\n']
first_link
.
find_next
(
""p""
)
# <p class=""story"">...</p>",24,True,False,False,False,False
611,Searching the tree ,find_all_previous(),1,True,False,False,False,False
612,Searching the tree ,find_previous(),1,False,False,False,False,False
613,Searching the tree ,find_all_previous(),1,True,False,False,False,False
614,Searching the tree ,find_previous(),1,False,False,False,False,False
615,Searching the tree ,"first_link
=
soup
.
a
first_link
# <a class=""sister"" href=""http://example.com/elsie"" id=""link1"">Elsie</a>
first_link
.
find_all_previous
(
""p""
)
# [<p class=""story"">Once upon a time there were three little sisters; ...</p>,
#  <p class=""title""><b>The Dormouse's story</b></p>]
first_link
.
find_previous
(
""title""
)
# <title>The Dormouse's story</title>",22,True,False,False,False,False
616,Searching the tree ,"find_all_previous(""p"")",1,True,False,False,False,False
617,Searching the tree ,.css,1,False,False,False,False,False
618,Searching the tree ,BeautifulSoup,1,False,False,False,False,False
619,Searching the tree ,Tag,1,False,False,False,False,False
620,Searching the tree ,.css,1,False,False,False,False,False
621,Searching the tree ,soupsieve,1,False,False,False,False,False
622,Searching the tree ,pip,1,False,False,False,False,False
623,Searching the tree ,"soup
.
css
.
select
(
""title""
)
# [<title>The Dormouse's story</title>]
soup
.
css
.
select
(
""p:nth-of-type(3)""
)
# [<p class=""story"">...</p>]",18,False,False,True,False,False
624,Searching the tree ,"soup
.
css
.
select
(
""#link1""
)
# [<a class=""sister"" href=""http://example.com/elsie"" id=""link1"">Elsie</a>]
soup
.
css
.
select
(
""a#link2""
)
# [<a class=""sister"" href=""http://example.com/lacie"" id=""link2"">Lacie</a>]",18,False,False,True,False,False
625,Searching the tree ,"soup
.
css
.
select
(
""body a""
)
# [<a class=""sister"" href=""http://example.com/elsie"" id=""link1"">Elsie</a>,
#  <a class=""sister"" href=""http://example.com/lacie""  id=""link2"">Lacie</a>,
#  <a class=""sister"" href=""http://example.com/tillie"" id=""link3"">Tillie</a>]
soup
.
css
.
select
(
""html head title""
)
# [<title>The Dormouse's story</title>]",20,False,False,True,False,False
626,Searching the tree ,"soup
.
css
.
select
(
""head > title""
)
# [<title>The Dormouse's story</title>]
soup
.
css
.
select
(
""p > a""
)
# [<a class=""sister"" href=""http://example.com/elsie"" id=""link1"">Elsie</a>,
#  <a class=""sister"" href=""http://example.com/lacie""  id=""link2"">Lacie</a>,
#  <a class=""sister"" href=""http://example.com/tillie"" id=""link3"">Tillie</a>]
soup
.
css
.
select
(
""p > a:nth-of-type(2)""
)
# [<a class=""sister"" href=""http://example.com/lacie"" id=""link2"">Lacie</a>]
soup
.
css
.
select
(
""body > a""
)
# []",38,False,False,True,False,False
627,Searching the tree ,"soup
.
css
.
select
(
""#link1 ~ .sister""
)
# [<a class=""sister"" href=""http://example.com/lacie"" id=""link2"">Lacie</a>,
#  <a class=""sister"" href=""http://example.com/tillie""  id=""link3"">Tillie</a>]",10,False,False,True,False,False
628,Searching the tree ,"soup
.
css
.
select
(
""#link1 + .sister""
)
# [<a class=""sister"" href=""http://example.com/lacie"" id=""link2"">Lacie</a>]",9,False,False,True,False,False
629,Searching the tree ,"soup
.
css
.
select
(
"".sister""
)
# [<a class=""sister"" href=""http://example.com/elsie"" id=""link1"">Elsie</a>,
#  <a class=""sister"" href=""http://example.com/lacie"" id=""link2"">Lacie</a>,
#  <a class=""sister"" href=""http://example.com/tillie"" id=""link3"">Tillie</a>]
soup
.
css
.
select
(
""[class~=sister]""
)
# [<a class=""sister"" href=""http://example.com/elsie"" id=""link1"">Elsie</a>,
#  <a class=""sister"" href=""http://example.com/lacie"" id=""link2"">Lacie</a>,
#  <a class=""sister"" href=""http://example.com/tillie"" id=""link3"">Tillie</a>]",22,False,False,True,False,False
630,Searching the tree ,"soup
.
css
.
select
(
""#link1,#link2""
)
# [<a class=""sister"" href=""http://example.com/elsie"" id=""link1"">Elsie</a>,
#  <a class=""sister"" href=""http://example.com/lacie"" id=""link2"">Lacie</a>]",10,False,False,True,False,False
631,Searching the tree ,"soup
.
css
.
select
(
'a[href]'
)
# [<a class=""sister"" href=""http://example.com/elsie"" id=""link1"">Elsie</a>,
#  <a class=""sister"" href=""http://example.com/lacie"" id=""link2"">Lacie</a>,
#  <a class=""sister"" href=""http://example.com/tillie"" id=""link3"">Tillie</a>]",11,False,False,True,False,False
632,Searching the tree ,"soup
.
css
.
select
(
'a[href=""http://example.com/elsie""]'
)
# [<a class=""sister"" href=""http://example.com/elsie"" id=""link1"">Elsie</a>]
soup
.
css
.
select
(
'a[href^=""http://example.com/""]'
)
# [<a class=""sister"" href=""http://example.com/elsie"" id=""link1"">Elsie</a>,
#  <a class=""sister"" href=""http://example.com/lacie"" id=""link2"">Lacie</a>,
#  <a class=""sister"" href=""http://example.com/tillie"" id=""link3"">Tillie</a>]
soup
.
css
.
select
(
'a[href$=""tillie""]'
)
# [<a class=""sister"" href=""http://example.com/tillie"" id=""link3"">Tillie</a>]
soup
.
css
.
select
(
'a[href*="".com/el""]'
)
# [<a class=""sister"" href=""http://example.com/elsie"" id=""link1"">Elsie</a>]",38,False,False,True,False,False
633,Searching the tree ,select_one(),1,False,False,True,False,False
634,Searching the tree ,"soup
.
css
.
select_one
(
"".sister""
)
# <a class=""sister"" href=""http://example.com/elsie"" id=""link1"">Elsie</a>",9,False,False,True,False,False
635,Searching the tree ,select(),1,False,False,True,False,False
636,Searching the tree ,select_one(),1,False,False,True,False,False
637,Searching the tree ,BeautifulSoup,1,False,False,False,False,False
638,Searching the tree ,Tag,1,False,False,False,False,False
639,Searching the tree ,.css,1,False,False,False,False,False
640,Searching the tree ,"soup
.
select
(
'a[href$=""tillie""]'
)
# [<a class=""sister"" href=""http://example.com/tillie"" id=""link3"">Tillie</a>]
soup
.
select_one
(
"".sister""
)
# <a class=""sister"" href=""http://example.com/elsie"" id=""link1"">Elsie</a>",14,False,False,True,False,False
641,Searching the tree ,lxml,1,False,False,False,False,False
642,Searching the tree ,select(),1,False,False,True,False,False
643,Searching the tree ,select_one(),1,False,False,True,False,False
644,Searching the tree ,.css,1,False,False,False,False,False
645,Searching the tree ,Tag,1,False,False,False,False,False
646,Searching the tree ,BeautifulSoup,1,False,False,False,False,False
647,Searching the tree ,iselect(),1,False,False,True,False,False
648,Searching the tree ,select(),1,False,False,True,False,False
649,Searching the tree ,"[
tag
[
'id'
]
for
tag
in
soup
.
css
.
iselect
(
"".sister""
)]
# ['link1', 'link2', 'link3']",17,False,False,True,False,False
650,Searching the tree ,closest(),1,False,False,False,False,False
651,Searching the tree ,Tag,1,False,False,False,False,False
652,Searching the tree ,find_parent(),1,False,False,False,False,False
653,Searching the tree ,"elsie
=
soup
.
css
.
select_one
(
"".sister""
)
elsie
.
css
.
closest
(
""p.story""
)
# <p class=""story"">Once upon a time there were three little sisters; and their names were
#  <a class=""sister"" href=""http://example.com/elsie"" id=""link1"">Elsie</a>,
#  <a class=""sister"" href=""http://example.com/lacie"" id=""link2"">Lacie</a> and
#  <a class=""sister"" href=""http://example.com/tillie"" id=""link3"">Tillie</a>;
#  and they lived at the bottom of a well.</p>",23,False,False,True,False,False
654,Searching the tree ,match(),1,False,False,False,False,False
655,Searching the tree ,Tag,1,False,False,False,False,False
656,Searching the tree ,"# elsie.css.match(""#link1"")
True
# elsie.css.match(""#link2"")
False",4,False,False,False,False,False
657,Searching the tree ,filter(),1,False,False,False,False,False
658,Searching the tree ,"[
tag
.
string
for
tag
in
soup
.
find
(
'p'
,
'story'
)
.
css
.
filter
(
'a'
)]
# ['Elsie', 'Lacie', 'Tillie']",23,False,False,False,False,False
659,Searching the tree ,escape(),1,False,False,False,False,False
660,Searching the tree ,"soup
.
css
.
escape
(
""1-strange-identifier""
)
# '\\31 -strange-identifier'",9,False,False,False,False,False
661,Searching the tree ,"from
bs4
import
BeautifulSoup
xml
=
""""""<tag xmlns:ns1=""http://namespace1/"" xmlns:ns2=""http://namespace2/"">
<ns1:child>I'm in namespace 1</ns1:child>
<ns2:child>I'm in namespace 2</ns2:child>
</tag> """"""
namespace_soup
=
BeautifulSoup
(
xml
,
""xml""
)
namespace_soup
.
css
.
select
(
""child""
)
# [<ns1:child>I'm in namespace 1</ns1:child>, <ns2:child>I'm in namespace 2</ns2:child>]
namespace_soup
.
css
.
select
(
""ns1|child""
)
# [<ns1:child>I'm in namespace 1</ns1:child>]",36,False,False,True,False,False
662,Searching the tree ,"namespaces
=
dict
(
first
=
""http://namespace1/""
,
second
=
""http://namespace2/""
)
namespace_soup
.
css
.
select
(
""second|child""
,
namespaces
=
namespaces
)
# [<ns1:child>I'm in namespace 2</ns1:child>]",25,False,False,True,False,False
663,Searching the tree ,.css,1,False,False,False,False,False
664,Searching the tree ,.select(),1,False,False,True,False,False
665,Searching the tree ,.select_one(),1,False,False,True,False,False
666,Searching the tree ,.select(),1,False,False,True,False,False
667,Kinds of filters ,find_all(),1,True,False,False,False,False
668,Kinds of filters ,"soup
.
find_all
(
'b'
)
# [<b>The Dormouse's story</b>]",7,True,False,False,False,False
669,Kinds of filters ,search(),1,False,False,False,False,False
670,Kinds of filters ,"import
re
for
tag
in
soup
.
find_all
(
re
.
compile
(
""^b""
)):
print
(
tag
.
name
)
# body
# b",23,True,False,False,False,False
671,Kinds of filters ,"for
tag
in
soup
.
find_all
(
re
.
compile
(
""t""
)):
print
(
tag
.
name
)
# html
# title",21,True,False,False,False,False
672,Kinds of filters ,True,1,False,False,False,False,False
673,Kinds of filters ,True,1,False,False,False,False,False
674,Kinds of filters ,"for
tag
in
soup
.
find_all
(
True
):
print
(
tag
.
name
)
# html
# head
# title
# body
# p
# b
# p
# a
# a
# a
# p",26,True,False,False,False,False
675,Kinds of filters ,True,1,False,False,False,False,False
676,Kinds of filters ,False,1,False,False,False,False,False
677,Kinds of filters ,True,1,False,False,False,False,False
678,Kinds of filters ,"def
has_class_but_no_id
(
tag
):
return
tag
.
has_attr
(
'class'
)
and
not
tag
.
has_attr
(
'id'
)",20,False,False,False,False,False
679,Kinds of filters ,find_all(),1,True,False,False,False,False
680,Kinds of filters ,"soup
.
find_all
(
has_class_but_no_id
)
# [<p class=""title""><b>The Dormouse's story</b></p>,
#  <p class=""story"">Once upon a time there were…bottom of a well.</p>,
#  <p class=""story"">...</p>]",9,True,False,False,False,False
681,Kinds of filters ,True,1,False,False,False,False,False
682,Kinds of filters ,"from
bs4
import
NavigableString
def
surrounded_by_strings
(
tag
):
return
(
isinstance
(
tag
.
next_element
,
NavigableString
)
and
isinstance
(
tag
.
previous_element
,
NavigableString
))
for
tag
in
soup
.
find_all
(
surrounded_by_strings
):
print
(
tag
.
name
)
# body
# p
# a
# a
# a
# p",49,True,False,False,False,False
683,Kinds of filters ,"soup
.
find_all
([
""a""
,
""b""
])
# [<b>The Dormouse's story</b>,
#  <a class=""sister"" href=""http://example.com/elsie"" id=""link1"">Elsie</a>,
#  <a class=""sister"" href=""http://example.com/lacie"" id=""link2"">Lacie</a>,
#  <a class=""sister"" href=""http://example.com/tillie"" id=""link3"">Tillie</a>]",12,True,False,False,False,False
684,A string ,"soup
.
find_all
(
'b'
)
# [<b>The Dormouse's story</b>]",7,True,False,False,False,False
685,A regular expression ,search(),1,False,False,False,False,False
686,A regular expression ,"import
re
for
tag
in
soup
.
find_all
(
re
.
compile
(
""^b""
)):
print
(
tag
.
name
)
# body
# b",23,True,False,False,False,False
687,A regular expression ,"for
tag
in
soup
.
find_all
(
re
.
compile
(
""t""
)):
print
(
tag
.
name
)
# html
# title",21,True,False,False,False,False
688,True ,True,1,False,False,False,False,False
689,True ,"for
tag
in
soup
.
find_all
(
True
):
print
(
tag
.
name
)
# html
# head
# title
# body
# p
# b
# p
# a
# a
# a
# p",26,True,False,False,False,False
690,A function ,True,1,False,False,False,False,False
691,A function ,False,1,False,False,False,False,False
692,A function ,True,1,False,False,False,False,False
693,A function ,"def
has_class_but_no_id
(
tag
):
return
tag
.
has_attr
(
'class'
)
and
not
tag
.
has_attr
(
'id'
)",20,False,False,False,False,False
694,A function ,find_all(),1,True,False,False,False,False
695,A function ,"soup
.
find_all
(
has_class_but_no_id
)
# [<p class=""title""><b>The Dormouse's story</b></p>,
#  <p class=""story"">Once upon a time there were…bottom of a well.</p>,
#  <p class=""story"">...</p>]",9,True,False,False,False,False
696,A function ,True,1,False,False,False,False,False
697,A function ,"from
bs4
import
NavigableString
def
surrounded_by_strings
(
tag
):
return
(
isinstance
(
tag
.
next_element
,
NavigableString
)
and
isinstance
(
tag
.
previous_element
,
NavigableString
))
for
tag
in
soup
.
find_all
(
surrounded_by_strings
):
print
(
tag
.
name
)
# body
# p
# a
# a
# a
# p",49,True,False,False,False,False
698,A list ,"soup
.
find_all
([
""a""
,
""b""
])
# [<b>The Dormouse's story</b>,
#  <a class=""sister"" href=""http://example.com/elsie"" id=""link1"">Elsie</a>,
#  <a class=""sister"" href=""http://example.com/lacie"" id=""link2"">Lacie</a>,
#  <a class=""sister"" href=""http://example.com/tillie"" id=""link3"">Tillie</a>]",12,True,False,False,False,False
699,find_all() ,find_all(),1,True,False,False,False,False
700,find_all() ,"soup
.
find_all
(
""title""
)
# [<title>The Dormouse's story</title>]
soup
.
find_all
(
""p""
,
""title""
)
# [<p class=""title""><b>The Dormouse's story</b></p>]
soup
.
find_all
(
""a""
)
# [<a class=""sister"" href=""http://example.com/elsie"" id=""link1"">Elsie</a>,
#  <a class=""sister"" href=""http://example.com/lacie"" id=""link2"">Lacie</a>,
#  <a class=""sister"" href=""http://example.com/tillie"" id=""link3"">Tillie</a>]
soup
.
find_all
(
id
=
""link2""
)
# [<a class=""sister"" href=""http://example.com/lacie"" id=""link2"">Lacie</a>]
import
re
soup
.
find
(
string
=
re
.
compile
(
""sisters""
))
# 'Once upon a time there were three little sisters; and their names were\n'",49,True,False,False,False,False
701,find_all() ,string,1,False,False,False,False,False
702,find_all() ,id,1,False,False,False,False,False
703,find_all() ,"find_all(""p"",
""title"")",2,True,False,False,False,False
704,find_all() ,find_all(),1,True,False,False,False,False
705,find_all() ,name,1,False,False,False,False,False
706,find_all() ,name,1,False,False,False,False,False
707,find_all() ,"soup
.
find_all
(
""title""
)
# [<title>The Dormouse's story</title>]",7,True,False,False,False,False
708,find_all() ,name,1,False,False,False,False,False
709,find_all() ,id,1,False,False,False,False,False
710,find_all() ,"soup
.
find_all
(
id
=
'link2'
)
# [<a class=""sister"" href=""http://example.com/lacie"" id=""link2"">Lacie</a>]",9,True,False,False,False,False
711,find_all() ,href,1,False,False,False,False,False
712,find_all() ,"soup
.
find_all
(
href
=
re
.
compile
(
""elsie""
))
# [<a class=""sister"" href=""http://example.com/elsie"" id=""link1"">Elsie</a>]",13,True,False,False,False,False
713,find_all() ,True,1,False,False,False,False,False
714,find_all() ,id,1,False,False,False,False,False
715,find_all() ,"soup
.
find_all
(
id
=
True
)
# [<a class=""sister"" href=""http://example.com/elsie"" id=""link1"">Elsie</a>,
#  <a class=""sister"" href=""http://example.com/lacie"" id=""link2"">Lacie</a>,
#  <a class=""sister"" href=""http://example.com/tillie"" id=""link3"">Tillie</a>]",11,True,False,False,False,False
716,find_all() ,True,1,False,False,False,False,False
717,find_all() ,False,1,False,False,False,False,False
718,find_all() ,a,1,False,False,False,False,False
719,find_all() ,href,1,False,False,False,False,False
720,find_all() ,"import
re
def
not_lacie
(
href
):
return
href
and
not
re
.
compile
(
""lacie""
)
.
search
(
href
)
soup
.
find_all
(
href
=
not_lacie
)
# [<a class=""sister"" href=""http://example.com/elsie"" id=""link1"">Elsie</a>,
#  <a class=""sister"" href=""http://example.com/tillie"" id=""link3"">Tillie</a>]",32,True,False,False,False,False
721,find_all() ,"soup
.
find_all
(
id
=
[
""link1""
,
re
.
compile
(
""3$""
)])
# [<a class=""sister"" href=""http://example.com/elsie"" id=""link1"">Elsie</a>,
#  <a class=""sister"" href=""http://example.com/tillie"" id=""link3"">Tillie</a>]",17,True,False,False,False,False
722,find_all() ,"soup
.
find_all
(
href
=
re
.
compile
(
""elsie""
),
id
=
'link1'
)
# [<a class=""sister"" href=""http://example.com/elsie"" id=""link1"">Elsie</a>]",17,True,False,False,False,False
723,find_all() ,"data_soup
=
BeautifulSoup
(
'<div data-foo=""value"">foo!</div>'
,
'html.parser'
)
data_soup
.
find_all
(
data
-
foo
=
""value""
)
# SyntaxError: keyword can't be an expression",19,True,False,False,False,False
724,find_all() ,find_all(),1,True,False,False,False,False
725,find_all() ,attrs,1,False,False,False,False,False
726,find_all() ,"data_soup
.
find_all
(
attrs
=
{
""data-foo""
:
""value""
})
# [<div data-foo=""value"">foo!</div>]",12,True,False,False,False,False
727,find_all() ,name,1,False,False,False,False,False
728,find_all() ,attrs,1,False,False,False,False,False
729,find_all() ,"name_soup
=
BeautifulSoup
(
'<input name=""email""/>'
,
'html.parser'
)
name_soup
.
find_all
(
name
=
""email""
)
# []
name_soup
.
find_all
(
attrs
=
{
""name""
:
""email""
})
# [<input name=""email""/>]",29,True,False,False,False,False
730,find_all() ,class,1,False,False,False,False,False
731,find_all() ,class_,1,False,False,False,False,False
732,find_all() ,"soup
.
find_all
(
""a""
,
class_
=
""sister""
)
# [<a class=""sister"" href=""http://example.com/elsie"" id=""link1"">Elsie</a>,
#  <a class=""sister"" href=""http://example.com/lacie"" id=""link2"">Lacie</a>,
#  <a class=""sister"" href=""http://example.com/tillie"" id=""link3"">Tillie</a>]",13,True,False,False,False,False
733,find_all() ,class_,1,False,False,False,False,False
734,find_all() ,True,1,False,False,False,False,False
735,find_all() ,"soup
.
find_all
(
class_
=
re
.
compile
(
""itl""
))
# [<p class=""title""><b>The Dormouse's story</b></p>]
def
has_six_characters
(
css_class
):
return
css_class
is
not
None
and
len
(
css_class
)
==
6
soup
.
find_all
(
class_
=
has_six_characters
)
# [<a class=""sister"" href=""http://example.com/elsie"" id=""link1"">Elsie</a>,
#  <a class=""sister"" href=""http://example.com/lacie"" id=""link2"">Lacie</a>,
#  <a class=""sister"" href=""http://example.com/tillie"" id=""link3"">Tillie</a>]",41,True,False,False,False,False
736,find_all() ,"css_soup
=
BeautifulSoup
(
'<p class=""body strikeout""></p>'
,
'html.parser'
)
css_soup
.
find_all
(
""p""
,
class_
=
""strikeout""
)
# [<p class=""body strikeout""></p>]
css_soup
.
find_all
(
""p""
,
class_
=
""body""
)
# [<p class=""body strikeout""></p>]",30,True,False,False,False,False
737,find_all() ,class,1,False,False,False,False,False
738,find_all() ,"css_soup
.
find_all
(
""p""
,
class_
=
""body strikeout""
)
# [<p class=""body strikeout""></p>]",11,True,False,False,False,False
739,find_all() ,"css_soup
.
find_all
(
""p""
,
class_
=
""strikeout body""
)
# []",11,True,False,False,False,False
740,find_all() ,class_,1,False,False,False,False,False
741,find_all() ,attrs,1,False,False,False,False,False
742,find_all() ,"soup
.
find_all
(
""a""
,
attrs
=
{
""class""
:
""sister""
})
# [<a class=""sister"" href=""http://example.com/elsie"" id=""link1"">Elsie</a>,
#  <a class=""sister"" href=""http://example.com/lacie"" id=""link2"">Lacie</a>,
#  <a class=""sister"" href=""http://example.com/tillie"" id=""link3"">Tillie</a>]",16,True,False,False,False,False
743,find_all() ,Tag.select(),1,False,False,True,False,False
744,find_all() ,"css_soup
.
select
(
""p.strikeout.body""
)
# [<p class=""body strikeout""></p>]",7,False,False,True,False,False
745,find_all() ,string,1,False,False,False,False,False
746,find_all() ,string,1,False,False,False,False,False
747,find_all() ,name,1,False,False,False,False,False
748,find_all() ,"soup
.
find_all
(
string
=
""Elsie""
)
# ['Elsie']
soup
.
find_all
(
string
=
[
""Tillie""
,
""Elsie""
,
""Lacie""
])
# ['Elsie', 'Lacie', 'Tillie']
soup
.
find_all
(
string
=
re
.
compile
(
""Dormouse""
))
# [""The Dormouse's story"", ""The Dormouse's story""]
def
is_the_only_string_within_a_tag
(
s
):
""""""Return True if this string is the only child of its parent tag.""""""
return
(
s
==
s
.
parent
.
string
)
soup
.
find_all
(
string
=
is_the_only_string_within_a_tag
)
# [""The Dormouse's story"", ""The Dormouse's story"", 'Elsie', 'Lacie', 'Tillie', '...']",61,True,False,False,False,False
749,find_all() ,string,1,False,False,False,False,False
750,find_all() ,.string,1,False,False,False,False,False
751,find_all() ,string,1,False,False,False,False,False
752,find_all() ,.string,1,False,False,False,False,False
753,find_all() ,"soup
.
find_all
(
""a""
,
string
=
""Elsie""
)
# [<a href=""http://example.com/elsie"" class=""sister"" id=""link1"">Elsie</a>]",11,True,False,False,False,False
754,find_all() ,string,1,False,False,False,False,False
755,find_all() ,text,1,False,False,False,False,False
756,find_all() ,"soup
.
find_all
(
""a""
,
text
=
""Elsie""
)
# [<a href=""http://example.com/elsie"" class=""sister"" id=""link1"">Elsie</a>]",11,True,False,False,False,False
757,find_all() ,limit,1,False,False,False,False,False
758,find_all() ,find_all(),1,True,False,False,False,False
759,find_all() ,limit,1,False,False,False,False,False
760,find_all() ,"soup
.
find_all
(
""a""
,
limit
=
2
)
# [<a class=""sister"" href=""http://example.com/elsie"" id=""link1"">Elsie</a>,
#  <a class=""sister"" href=""http://example.com/lacie"" id=""link2"">Lacie</a>]",12,True,False,False,False,False
761,find_all() ,recursive,1,False,False,False,False,False
762,find_all() ,mytag.find_all(),1,True,False,False,False,False
763,find_all() ,mytag,1,False,False,False,False,False
764,find_all() ,recursive=False,1,False,False,False,False,False
765,find_all() ,"soup
.
html
.
find_all
(
""title""
)
# [<title>The Dormouse's story</title>]
soup
.
html
.
find_all
(
""title""
,
recursive
=
False
)
# []",22,True,False,False,False,False
766,find_all() ,"<
html
>
<
head
>
<
title
>
The
Dormouse
's story
</
title
>
</
head
>
...",19,False,False,False,False,False
767,find_all() ,recursive=False,1,False,False,False,False,False
768,find_all() ,find_all(),1,True,False,False,False,False
769,find_all() ,name,1,False,False,False,False,False
770,find_all() ,attrs,1,False,False,False,False,False
771,find_all() ,string,1,False,False,False,False,False
772,find_all() ,limit,1,False,False,False,False,False
773,find_all() ,recursive,1,False,False,False,False,False
774,find_all() ,find_all(),1,True,False,False,False,False
775,find_all() ,find(),1,False,True,False,False,False
776,find_all() ,recursive=False,1,False,False,False,False,False
777,find_all() ,find_parents(),1,False,False,False,False,False
778,The name argument ,name,1,False,False,False,False,False
779,The name argument ,"soup
.
find_all
(
""title""
)
# [<title>The Dormouse's story</title>]",7,True,False,False,False,False
780,The name argument ,name,1,False,False,False,False,False
781,The keyword arguments ,id,1,False,False,False,False,False
782,The keyword arguments ,"soup
.
find_all
(
id
=
'link2'
)
# [<a class=""sister"" href=""http://example.com/lacie"" id=""link2"">Lacie</a>]",9,True,False,False,False,False
783,The keyword arguments ,href,1,False,False,False,False,False
784,The keyword arguments ,"soup
.
find_all
(
href
=
re
.
compile
(
""elsie""
))
# [<a class=""sister"" href=""http://example.com/elsie"" id=""link1"">Elsie</a>]",13,True,False,False,False,False
785,The keyword arguments ,True,1,False,False,False,False,False
786,The keyword arguments ,id,1,False,False,False,False,False
787,The keyword arguments ,"soup
.
find_all
(
id
=
True
)
# [<a class=""sister"" href=""http://example.com/elsie"" id=""link1"">Elsie</a>,
#  <a class=""sister"" href=""http://example.com/lacie"" id=""link2"">Lacie</a>,
#  <a class=""sister"" href=""http://example.com/tillie"" id=""link3"">Tillie</a>]",11,True,False,False,False,False
788,The keyword arguments ,True,1,False,False,False,False,False
789,The keyword arguments ,False,1,False,False,False,False,False
790,The keyword arguments ,a,1,False,False,False,False,False
791,The keyword arguments ,href,1,False,False,False,False,False
792,The keyword arguments ,"import
re
def
not_lacie
(
href
):
return
href
and
not
re
.
compile
(
""lacie""
)
.
search
(
href
)
soup
.
find_all
(
href
=
not_lacie
)
# [<a class=""sister"" href=""http://example.com/elsie"" id=""link1"">Elsie</a>,
#  <a class=""sister"" href=""http://example.com/tillie"" id=""link3"">Tillie</a>]",32,True,False,False,False,False
793,The keyword arguments ,"soup
.
find_all
(
id
=
[
""link1""
,
re
.
compile
(
""3$""
)])
# [<a class=""sister"" href=""http://example.com/elsie"" id=""link1"">Elsie</a>,
#  <a class=""sister"" href=""http://example.com/tillie"" id=""link3"">Tillie</a>]",17,True,False,False,False,False
794,The keyword arguments ,"soup
.
find_all
(
href
=
re
.
compile
(
""elsie""
),
id
=
'link1'
)
# [<a class=""sister"" href=""http://example.com/elsie"" id=""link1"">Elsie</a>]",17,True,False,False,False,False
795,The keyword arguments ,"data_soup
=
BeautifulSoup
(
'<div data-foo=""value"">foo!</div>'
,
'html.parser'
)
data_soup
.
find_all
(
data
-
foo
=
""value""
)
# SyntaxError: keyword can't be an expression",19,True,False,False,False,False
796,The keyword arguments ,find_all(),1,True,False,False,False,False
797,The keyword arguments ,attrs,1,False,False,False,False,False
798,The keyword arguments ,"data_soup
.
find_all
(
attrs
=
{
""data-foo""
:
""value""
})
# [<div data-foo=""value"">foo!</div>]",12,True,False,False,False,False
799,The keyword arguments ,name,1,False,False,False,False,False
800,The keyword arguments ,attrs,1,False,False,False,False,False
801,The keyword arguments ,"name_soup
=
BeautifulSoup
(
'<input name=""email""/>'
,
'html.parser'
)
name_soup
.
find_all
(
name
=
""email""
)
# []
name_soup
.
find_all
(
attrs
=
{
""name""
:
""email""
})
# [<input name=""email""/>]",29,True,False,False,False,False
802,Searching by CSS class ,class,1,False,False,False,False,False
803,Searching by CSS class ,class_,1,False,False,False,False,False
804,Searching by CSS class ,"soup
.
find_all
(
""a""
,
class_
=
""sister""
)
# [<a class=""sister"" href=""http://example.com/elsie"" id=""link1"">Elsie</a>,
#  <a class=""sister"" href=""http://example.com/lacie"" id=""link2"">Lacie</a>,
#  <a class=""sister"" href=""http://example.com/tillie"" id=""link3"">Tillie</a>]",13,True,False,False,False,False
805,Searching by CSS class ,class_,1,False,False,False,False,False
806,Searching by CSS class ,True,1,False,False,False,False,False
807,Searching by CSS class ,"soup
.
find_all
(
class_
=
re
.
compile
(
""itl""
))
# [<p class=""title""><b>The Dormouse's story</b></p>]
def
has_six_characters
(
css_class
):
return
css_class
is
not
None
and
len
(
css_class
)
==
6
soup
.
find_all
(
class_
=
has_six_characters
)
# [<a class=""sister"" href=""http://example.com/elsie"" id=""link1"">Elsie</a>,
#  <a class=""sister"" href=""http://example.com/lacie"" id=""link2"">Lacie</a>,
#  <a class=""sister"" href=""http://example.com/tillie"" id=""link3"">Tillie</a>]",41,True,False,False,False,False
808,Searching by CSS class ,"css_soup
=
BeautifulSoup
(
'<p class=""body strikeout""></p>'
,
'html.parser'
)
css_soup
.
find_all
(
""p""
,
class_
=
""strikeout""
)
# [<p class=""body strikeout""></p>]
css_soup
.
find_all
(
""p""
,
class_
=
""body""
)
# [<p class=""body strikeout""></p>]",30,True,False,False,False,False
809,Searching by CSS class ,class,1,False,False,False,False,False
810,Searching by CSS class ,"css_soup
.
find_all
(
""p""
,
class_
=
""body strikeout""
)
# [<p class=""body strikeout""></p>]",11,True,False,False,False,False
811,Searching by CSS class ,"css_soup
.
find_all
(
""p""
,
class_
=
""strikeout body""
)
# []",11,True,False,False,False,False
812,Searching by CSS class ,class_,1,False,False,False,False,False
813,Searching by CSS class ,attrs,1,False,False,False,False,False
814,Searching by CSS class ,"soup
.
find_all
(
""a""
,
attrs
=
{
""class""
:
""sister""
})
# [<a class=""sister"" href=""http://example.com/elsie"" id=""link1"">Elsie</a>,
#  <a class=""sister"" href=""http://example.com/lacie"" id=""link2"">Lacie</a>,
#  <a class=""sister"" href=""http://example.com/tillie"" id=""link3"">Tillie</a>]",16,True,False,False,False,False
815,Searching by CSS class ,Tag.select(),1,False,False,True,False,False
816,Searching by CSS class ,"css_soup
.
select
(
""p.strikeout.body""
)
# [<p class=""body strikeout""></p>]",7,False,False,True,False,False
817,The string argument ,string,1,False,False,False,False,False
818,The string argument ,name,1,False,False,False,False,False
819,The string argument ,"soup
.
find_all
(
string
=
""Elsie""
)
# ['Elsie']
soup
.
find_all
(
string
=
[
""Tillie""
,
""Elsie""
,
""Lacie""
])
# ['Elsie', 'Lacie', 'Tillie']
soup
.
find_all
(
string
=
re
.
compile
(
""Dormouse""
))
# [""The Dormouse's story"", ""The Dormouse's story""]
def
is_the_only_string_within_a_tag
(
s
):
""""""Return True if this string is the only child of its parent tag.""""""
return
(
s
==
s
.
parent
.
string
)
soup
.
find_all
(
string
=
is_the_only_string_within_a_tag
)
# [""The Dormouse's story"", ""The Dormouse's story"", 'Elsie', 'Lacie', 'Tillie', '...']",61,True,False,False,False,False
820,The string argument ,string,1,False,False,False,False,False
821,The string argument ,.string,1,False,False,False,False,False
822,The string argument ,string,1,False,False,False,False,False
823,The string argument ,.string,1,False,False,False,False,False
824,The string argument ,"soup
.
find_all
(
""a""
,
string
=
""Elsie""
)
# [<a href=""http://example.com/elsie"" class=""sister"" id=""link1"">Elsie</a>]",11,True,False,False,False,False
825,The string argument ,string,1,False,False,False,False,False
826,The string argument ,text,1,False,False,False,False,False
827,The string argument ,"soup
.
find_all
(
""a""
,
text
=
""Elsie""
)
# [<a href=""http://example.com/elsie"" class=""sister"" id=""link1"">Elsie</a>]",11,True,False,False,False,False
828,The limit argument ,find_all(),1,True,False,False,False,False
829,The limit argument ,limit,1,False,False,False,False,False
830,The limit argument ,"soup
.
find_all
(
""a""
,
limit
=
2
)
# [<a class=""sister"" href=""http://example.com/elsie"" id=""link1"">Elsie</a>,
#  <a class=""sister"" href=""http://example.com/lacie"" id=""link2"">Lacie</a>]",12,True,False,False,False,False
831,The recursive argument ,mytag.find_all(),1,True,False,False,False,False
832,The recursive argument ,mytag,1,False,False,False,False,False
833,The recursive argument ,recursive=False,1,False,False,False,False,False
834,The recursive argument ,"soup
.
html
.
find_all
(
""title""
)
# [<title>The Dormouse's story</title>]
soup
.
html
.
find_all
(
""title""
,
recursive
=
False
)
# []",22,True,False,False,False,False
835,The recursive argument ,"<
html
>
<
head
>
<
title
>
The
Dormouse
's story
</
title
>
</
head
>
...",19,False,False,False,False,False
836,The recursive argument ,recursive=False,1,False,False,False,False,False
837,The recursive argument ,find_all(),1,True,False,False,False,False
838,The recursive argument ,name,1,False,False,False,False,False
839,The recursive argument ,attrs,1,False,False,False,False,False
840,The recursive argument ,string,1,False,False,False,False,False
841,The recursive argument ,limit,1,False,False,False,False,False
842,The recursive argument ,recursive,1,False,False,False,False,False
843,The recursive argument ,find_all(),1,True,False,False,False,False
844,The recursive argument ,find(),1,False,True,False,False,False
845,The recursive argument ,recursive=False,1,False,False,False,False,False
846,The recursive argument ,find_parents(),1,False,False,False,False,False
847,Calling a tag is like calling find_all() ,BeautifulSoup,1,False,False,False,False,False
848,Calling a tag is like calling find_all() ,Tag,1,False,False,False,False,False
849,Calling a tag is like calling find_all() ,find_all(),1,True,False,False,False,False
850,Calling a tag is like calling find_all() ,"soup
.
find_all
(
""a""
)
soup
(
""a""
)",10,True,False,False,False,False
851,Calling a tag is like calling find_all() ,"soup
.
title
.
find_all
(
string
=
True
)
soup
.
title
(
string
=
True
)",18,True,False,False,False,False
852,find() ,find_all(),1,True,False,False,False,False
853,find() ,limit=1,1,False,False,False,False,False
854,find() ,find_all,1,True,False,False,False,False
855,find() ,find(),1,False,True,False,False,False
856,find() ,"soup
.
find_all
(
'title'
,
limit
=
1
)
# [<title>The Dormouse's story</title>]
soup
.
find
(
'title'
)
# <title>The Dormouse's story</title>",18,True,False,False,False,False
857,find() ,find_all(),1,True,False,False,False,False
858,find() ,find(),1,False,True,False,False,False
859,find() ,find_all(),1,True,False,False,False,False
860,find() ,find(),1,False,True,False,False,False
861,find() ,,1,False,False,False,False,False
862,find() ,"print
(
soup
.
find
(
""nosuchtag""
))
# None",9,False,False,False,False,False
863,find() ,soup.head.title,1,False,False,False,False,False
864,find() ,find(),1,False,True,False,False,False
865,find() ,"soup
.
head
.
title
# <title>The Dormouse's story</title>
soup
.
find
(
""head""
)
.
find
(
""title""
)
# <title>The Dormouse's story</title>",18,False,False,False,False,False
866,find_parents() and find_parent() ,find_all(),1,True,False,False,False,False
867,find_parents() and find_parent() ,find(),1,False,True,False,False,False
868,find_parents() and find_parent() ,find_all(),1,True,False,False,False,False
869,find_parents() and find_parent() ,find(),1,False,True,False,False,False
870,find_parents() and find_parent() ,find_parents(),1,False,False,False,False,False
871,find_parents() and find_parent() ,find_parent(),1,False,False,False,False,False
872,find_parents() and find_parent() ,find_all(),1,True,False,False,False,False
873,find_parents() and find_parent() ,find(),1,False,True,False,False,False
874,find_parents() and find_parent() ,"a_string
=
soup
.
find
(
string
=
""Lacie""
)
a_string
# 'Lacie'
a_string
.
find_parents
(
""a""
)
# [<a class=""sister"" href=""http://example.com/lacie"" id=""link2"">Lacie</a>]
a_string
.
find_parent
(
""p""
)
# <p class=""story"">Once upon a time there were three little sisters; and their names were
#  <a class=""sister"" href=""http://example.com/elsie"" id=""link1"">Elsie</a>,
#  <a class=""sister"" href=""http://example.com/lacie"" id=""link2"">Lacie</a> and
#  <a class=""sister"" href=""http://example.com/tillie"" id=""link3"">Tillie</a>;
#  and they lived at the bottom of a well.</p>
a_string
.
find_parents
(
""p""
,
class_
=
""title""
)
# []",41,False,False,False,False,False
875,find_parents() and find_parent() ,find_parents(),1,False,False,False,False,False
876,find_parents() and find_parent() ,find_parent(),1,False,False,False,False,False
877,find_parents() and find_parent() ,find_parents(),1,False,False,False,False,False
878,find_parents() and find_parent() ,.parents,1,False,False,False,False,False
879,find_next_siblings() and find_next_sibling() ,find_next_siblings(),1,False,False,False,False,False
880,find_next_siblings() and find_next_sibling() ,find_next_sibling(),1,False,False,False,False,False
881,find_next_siblings() and find_next_sibling() ,"first_link
=
soup
.
a
first_link
# <a class=""sister"" href=""http://example.com/elsie"" id=""link1"">Elsie</a>
first_link
.
find_next_siblings
(
""a""
)
# [<a class=""sister"" href=""http://example.com/lacie"" id=""link2"">Lacie</a>,
#  <a class=""sister"" href=""http://example.com/tillie"" id=""link3"">Tillie</a>]
first_story_paragraph
=
soup
.
find
(
""p""
,
""story""
)
first_story_paragraph
.
find_next_sibling
(
""p""
)
# <p class=""story"">...</p>",32,False,False,False,False,False
882,find_previous_siblings() and find_previous_sibling() ,find_previous_siblings(),1,False,False,False,False,False
883,find_previous_siblings() and find_previous_sibling() ,find_previous_sibling(),1,False,False,False,False,False
884,find_previous_siblings() and find_previous_sibling() ,"last_link
=
soup
.
find
(
""a""
,
id
=
""link3""
)
last_link
# <a class=""sister"" href=""http://example.com/tillie"" id=""link3"">Tillie</a>
last_link
.
find_previous_siblings
(
""a""
)
# [<a class=""sister"" href=""http://example.com/lacie"" id=""link2"">Lacie</a>,
#  <a class=""sister"" href=""http://example.com/elsie"" id=""link1"">Elsie</a>]
first_story_paragraph
=
soup
.
find
(
""p""
,
""story""
)
first_story_paragraph
.
find_previous_sibling
(
""p""
)
# <p class=""title""><b>The Dormouse's story</b></p>",39,False,False,False,False,False
885,find_all_next() and find_next() ,find_all_next(),1,True,False,False,False,False
886,find_all_next() and find_next() ,find_next(),1,False,False,False,False,False
887,find_all_next() and find_next() ,"first_link
=
soup
.
a
first_link
# <a class=""sister"" href=""http://example.com/elsie"" id=""link1"">Elsie</a>
first_link
.
find_all_next
(
string
=
True
)
# ['Elsie', ',\n', 'Lacie', ' and\n', 'Tillie',
#  ';\nand they lived at the bottom of a well.', '\n', '...', '\n']
first_link
.
find_next
(
""p""
)
# <p class=""story"">...</p>",24,True,False,False,False,False
888,find_all_previous() and find_previous() ,find_all_previous(),1,True,False,False,False,False
889,find_all_previous() and find_previous() ,find_previous(),1,False,False,False,False,False
890,find_all_previous() and find_previous() ,"first_link
=
soup
.
a
first_link
# <a class=""sister"" href=""http://example.com/elsie"" id=""link1"">Elsie</a>
first_link
.
find_all_previous
(
""p""
)
# [<p class=""story"">Once upon a time there were three little sisters; ...</p>,
#  <p class=""title""><b>The Dormouse's story</b></p>]
first_link
.
find_previous
(
""title""
)
# <title>The Dormouse's story</title>",22,True,False,False,False,False
891,find_all_previous() and find_previous() ,"find_all_previous(""p"")",1,True,False,False,False,False
892,CSS selectors through the .css property ,BeautifulSoup,1,False,False,False,False,False
893,CSS selectors through the .css property ,Tag,1,False,False,False,False,False
894,CSS selectors through the .css property ,.css,1,False,False,False,False,False
895,CSS selectors through the .css property ,soupsieve,1,False,False,False,False,False
896,CSS selectors through the .css property ,pip,1,False,False,False,False,False
897,CSS selectors through the .css property ,"soup
.
css
.
select
(
""title""
)
# [<title>The Dormouse's story</title>]
soup
.
css
.
select
(
""p:nth-of-type(3)""
)
# [<p class=""story"">...</p>]",18,False,False,True,False,False
898,CSS selectors through the .css property ,"soup
.
css
.
select
(
""#link1""
)
# [<a class=""sister"" href=""http://example.com/elsie"" id=""link1"">Elsie</a>]
soup
.
css
.
select
(
""a#link2""
)
# [<a class=""sister"" href=""http://example.com/lacie"" id=""link2"">Lacie</a>]",18,False,False,True,False,False
899,CSS selectors through the .css property ,"soup
.
css
.
select
(
""body a""
)
# [<a class=""sister"" href=""http://example.com/elsie"" id=""link1"">Elsie</a>,
#  <a class=""sister"" href=""http://example.com/lacie""  id=""link2"">Lacie</a>,
#  <a class=""sister"" href=""http://example.com/tillie"" id=""link3"">Tillie</a>]
soup
.
css
.
select
(
""html head title""
)
# [<title>The Dormouse's story</title>]",20,False,False,True,False,False
900,CSS selectors through the .css property ,"soup
.
css
.
select
(
""head > title""
)
# [<title>The Dormouse's story</title>]
soup
.
css
.
select
(
""p > a""
)
# [<a class=""sister"" href=""http://example.com/elsie"" id=""link1"">Elsie</a>,
#  <a class=""sister"" href=""http://example.com/lacie""  id=""link2"">Lacie</a>,
#  <a class=""sister"" href=""http://example.com/tillie"" id=""link3"">Tillie</a>]
soup
.
css
.
select
(
""p > a:nth-of-type(2)""
)
# [<a class=""sister"" href=""http://example.com/lacie"" id=""link2"">Lacie</a>]
soup
.
css
.
select
(
""body > a""
)
# []",38,False,False,True,False,False
901,CSS selectors through the .css property ,"soup
.
css
.
select
(
""#link1 ~ .sister""
)
# [<a class=""sister"" href=""http://example.com/lacie"" id=""link2"">Lacie</a>,
#  <a class=""sister"" href=""http://example.com/tillie""  id=""link3"">Tillie</a>]",10,False,False,True,False,False
902,CSS selectors through the .css property ,"soup
.
css
.
select
(
""#link1 + .sister""
)
# [<a class=""sister"" href=""http://example.com/lacie"" id=""link2"">Lacie</a>]",9,False,False,True,False,False
903,CSS selectors through the .css property ,"soup
.
css
.
select
(
"".sister""
)
# [<a class=""sister"" href=""http://example.com/elsie"" id=""link1"">Elsie</a>,
#  <a class=""sister"" href=""http://example.com/lacie"" id=""link2"">Lacie</a>,
#  <a class=""sister"" href=""http://example.com/tillie"" id=""link3"">Tillie</a>]
soup
.
css
.
select
(
""[class~=sister]""
)
# [<a class=""sister"" href=""http://example.com/elsie"" id=""link1"">Elsie</a>,
#  <a class=""sister"" href=""http://example.com/lacie"" id=""link2"">Lacie</a>,
#  <a class=""sister"" href=""http://example.com/tillie"" id=""link3"">Tillie</a>]",22,False,False,True,False,False
904,CSS selectors through the .css property ,"soup
.
css
.
select
(
""#link1,#link2""
)
# [<a class=""sister"" href=""http://example.com/elsie"" id=""link1"">Elsie</a>,
#  <a class=""sister"" href=""http://example.com/lacie"" id=""link2"">Lacie</a>]",10,False,False,True,False,False
905,CSS selectors through the .css property ,"soup
.
css
.
select
(
'a[href]'
)
# [<a class=""sister"" href=""http://example.com/elsie"" id=""link1"">Elsie</a>,
#  <a class=""sister"" href=""http://example.com/lacie"" id=""link2"">Lacie</a>,
#  <a class=""sister"" href=""http://example.com/tillie"" id=""link3"">Tillie</a>]",11,False,False,True,False,False
906,CSS selectors through the .css property ,"soup
.
css
.
select
(
'a[href=""http://example.com/elsie""]'
)
# [<a class=""sister"" href=""http://example.com/elsie"" id=""link1"">Elsie</a>]
soup
.
css
.
select
(
'a[href^=""http://example.com/""]'
)
# [<a class=""sister"" href=""http://example.com/elsie"" id=""link1"">Elsie</a>,
#  <a class=""sister"" href=""http://example.com/lacie"" id=""link2"">Lacie</a>,
#  <a class=""sister"" href=""http://example.com/tillie"" id=""link3"">Tillie</a>]
soup
.
css
.
select
(
'a[href$=""tillie""]'
)
# [<a class=""sister"" href=""http://example.com/tillie"" id=""link3"">Tillie</a>]
soup
.
css
.
select
(
'a[href*="".com/el""]'
)
# [<a class=""sister"" href=""http://example.com/elsie"" id=""link1"">Elsie</a>]",38,False,False,True,False,False
907,CSS selectors through the .css property ,select_one(),1,False,False,True,False,False
908,CSS selectors through the .css property ,"soup
.
css
.
select_one
(
"".sister""
)
# <a class=""sister"" href=""http://example.com/elsie"" id=""link1"">Elsie</a>",9,False,False,True,False,False
909,CSS selectors through the .css property ,select(),1,False,False,True,False,False
910,CSS selectors through the .css property ,select_one(),1,False,False,True,False,False
911,CSS selectors through the .css property ,BeautifulSoup,1,False,False,False,False,False
912,CSS selectors through the .css property ,Tag,1,False,False,False,False,False
913,CSS selectors through the .css property ,.css,1,False,False,False,False,False
914,CSS selectors through the .css property ,"soup
.
select
(
'a[href$=""tillie""]'
)
# [<a class=""sister"" href=""http://example.com/tillie"" id=""link3"">Tillie</a>]
soup
.
select_one
(
"".sister""
)
# <a class=""sister"" href=""http://example.com/elsie"" id=""link1"">Elsie</a>",14,False,False,True,False,False
915,CSS selectors through the .css property ,lxml,1,False,False,False,False,False
916,CSS selectors through the .css property ,select(),1,False,False,True,False,False
917,CSS selectors through the .css property ,select_one(),1,False,False,True,False,False
918,CSS selectors through the .css property ,.css,1,False,False,False,False,False
919,CSS selectors through the .css property ,Tag,1,False,False,False,False,False
920,CSS selectors through the .css property ,BeautifulSoup,1,False,False,False,False,False
921,CSS selectors through the .css property ,iselect(),1,False,False,True,False,False
922,CSS selectors through the .css property ,select(),1,False,False,True,False,False
923,CSS selectors through the .css property ,"[
tag
[
'id'
]
for
tag
in
soup
.
css
.
iselect
(
"".sister""
)]
# ['link1', 'link2', 'link3']",17,False,False,True,False,False
924,CSS selectors through the .css property ,closest(),1,False,False,False,False,False
925,CSS selectors through the .css property ,Tag,1,False,False,False,False,False
926,CSS selectors through the .css property ,find_parent(),1,False,False,False,False,False
927,CSS selectors through the .css property ,"elsie
=
soup
.
css
.
select_one
(
"".sister""
)
elsie
.
css
.
closest
(
""p.story""
)
# <p class=""story"">Once upon a time there were three little sisters; and their names were
#  <a class=""sister"" href=""http://example.com/elsie"" id=""link1"">Elsie</a>,
#  <a class=""sister"" href=""http://example.com/lacie"" id=""link2"">Lacie</a> and
#  <a class=""sister"" href=""http://example.com/tillie"" id=""link3"">Tillie</a>;
#  and they lived at the bottom of a well.</p>",23,False,False,True,False,False
928,CSS selectors through the .css property ,match(),1,False,False,False,False,False
929,CSS selectors through the .css property ,Tag,1,False,False,False,False,False
930,CSS selectors through the .css property ,"# elsie.css.match(""#link1"")
True
# elsie.css.match(""#link2"")
False",4,False,False,False,False,False
931,CSS selectors through the .css property ,filter(),1,False,False,False,False,False
932,CSS selectors through the .css property ,"[
tag
.
string
for
tag
in
soup
.
find
(
'p'
,
'story'
)
.
css
.
filter
(
'a'
)]
# ['Elsie', 'Lacie', 'Tillie']",23,False,False,False,False,False
933,CSS selectors through the .css property ,escape(),1,False,False,False,False,False
934,CSS selectors through the .css property ,"soup
.
css
.
escape
(
""1-strange-identifier""
)
# '\\31 -strange-identifier'",9,False,False,False,False,False
935,CSS selectors through the .css property ,"from
bs4
import
BeautifulSoup
xml
=
""""""<tag xmlns:ns1=""http://namespace1/"" xmlns:ns2=""http://namespace2/"">
<ns1:child>I'm in namespace 1</ns1:child>
<ns2:child>I'm in namespace 2</ns2:child>
</tag> """"""
namespace_soup
=
BeautifulSoup
(
xml
,
""xml""
)
namespace_soup
.
css
.
select
(
""child""
)
# [<ns1:child>I'm in namespace 1</ns1:child>, <ns2:child>I'm in namespace 2</ns2:child>]
namespace_soup
.
css
.
select
(
""ns1|child""
)
# [<ns1:child>I'm in namespace 1</ns1:child>]",36,False,False,True,False,False
936,CSS selectors through the .css property ,"namespaces
=
dict
(
first
=
""http://namespace1/""
,
second
=
""http://namespace2/""
)
namespace_soup
.
css
.
select
(
""second|child""
,
namespaces
=
namespaces
)
# [<ns1:child>I'm in namespace 2</ns1:child>]",25,False,False,True,False,False
937,CSS selectors through the .css property ,.css,1,False,False,False,False,False
938,CSS selectors through the .css property ,.select(),1,False,False,True,False,False
939,CSS selectors through the .css property ,.select_one(),1,False,False,True,False,False
940,CSS selectors through the .css property ,.select(),1,False,False,True,False,False
941,Advanced Soup Sieve features ,select(),1,False,False,True,False,False
942,Advanced Soup Sieve features ,select_one(),1,False,False,True,False,False
943,Advanced Soup Sieve features ,.css,1,False,False,False,False,False
944,Advanced Soup Sieve features ,Tag,1,False,False,False,False,False
945,Advanced Soup Sieve features ,BeautifulSoup,1,False,False,False,False,False
946,Advanced Soup Sieve features ,iselect(),1,False,False,True,False,False
947,Advanced Soup Sieve features ,select(),1,False,False,True,False,False
948,Advanced Soup Sieve features ,"[
tag
[
'id'
]
for
tag
in
soup
.
css
.
iselect
(
"".sister""
)]
# ['link1', 'link2', 'link3']",17,False,False,True,False,False
949,Advanced Soup Sieve features ,closest(),1,False,False,False,False,False
950,Advanced Soup Sieve features ,Tag,1,False,False,False,False,False
951,Advanced Soup Sieve features ,find_parent(),1,False,False,False,False,False
952,Advanced Soup Sieve features ,"elsie
=
soup
.
css
.
select_one
(
"".sister""
)
elsie
.
css
.
closest
(
""p.story""
)
# <p class=""story"">Once upon a time there were three little sisters; and their names were
#  <a class=""sister"" href=""http://example.com/elsie"" id=""link1"">Elsie</a>,
#  <a class=""sister"" href=""http://example.com/lacie"" id=""link2"">Lacie</a> and
#  <a class=""sister"" href=""http://example.com/tillie"" id=""link3"">Tillie</a>;
#  and they lived at the bottom of a well.</p>",23,False,False,True,False,False
953,Advanced Soup Sieve features ,match(),1,False,False,False,False,False
954,Advanced Soup Sieve features ,Tag,1,False,False,False,False,False
955,Advanced Soup Sieve features ,"# elsie.css.match(""#link1"")
True
# elsie.css.match(""#link2"")
False",4,False,False,False,False,False
956,Advanced Soup Sieve features ,filter(),1,False,False,False,False,False
957,Advanced Soup Sieve features ,"[
tag
.
string
for
tag
in
soup
.
find
(
'p'
,
'story'
)
.
css
.
filter
(
'a'
)]
# ['Elsie', 'Lacie', 'Tillie']",23,False,False,False,False,False
958,Advanced Soup Sieve features ,escape(),1,False,False,False,False,False
959,Advanced Soup Sieve features ,"soup
.
css
.
escape
(
""1-strange-identifier""
)
# '\\31 -strange-identifier'",9,False,False,False,False,False
960,Namespaces in CSS selectors ,"from
bs4
import
BeautifulSoup
xml
=
""""""<tag xmlns:ns1=""http://namespace1/"" xmlns:ns2=""http://namespace2/"">
<ns1:child>I'm in namespace 1</ns1:child>
<ns2:child>I'm in namespace 2</ns2:child>
</tag> """"""
namespace_soup
=
BeautifulSoup
(
xml
,
""xml""
)
namespace_soup
.
css
.
select
(
""child""
)
# [<ns1:child>I'm in namespace 1</ns1:child>, <ns2:child>I'm in namespace 2</ns2:child>]
namespace_soup
.
css
.
select
(
""ns1|child""
)
# [<ns1:child>I'm in namespace 1</ns1:child>]",36,False,False,True,False,False
961,Namespaces in CSS selectors ,"namespaces
=
dict
(
first
=
""http://namespace1/""
,
second
=
""http://namespace2/""
)
namespace_soup
.
css
.
select
(
""second|child""
,
namespaces
=
namespaces
)
# [<ns1:child>I'm in namespace 2</ns1:child>]",25,False,False,True,False,False
962,History of CSS selector support ,.css,1,False,False,False,False,False
963,History of CSS selector support ,.select(),1,False,False,True,False,False
964,History of CSS selector support ,.select_one(),1,False,False,True,False,False
965,History of CSS selector support ,.select(),1,False,False,True,False,False
966,Modifying the tree ,Tag.attrs,1,False,False,False,False,False
967,Modifying the tree ,"soup
=
BeautifulSoup
(
'<b class=""boldest"">Extremely bold</b>'
,
'html.parser'
)
tag
=
soup
.
b
tag
.
name
=
""blockquote""
tag
[
'class'
]
=
'verybold'
tag
[
'id'
]
=
1
tag
# <blockquote class=""verybold"" id=""1"">Extremely bold</blockquote>
del
tag
[
'class'
]
del
tag
[
'id'
]
tag
# <blockquote>Extremely bold</blockquote>",44,False,False,False,False,False
968,Modifying the tree ,.string,1,False,False,False,False,False
969,Modifying the tree ,.string,1,False,False,False,False,False
970,Modifying the tree ,"markup
=
'<a href=""http://example.com/"">I linked to <i>example.com</i></a>'
soup
=
BeautifulSoup
(
markup
,
'html.parser'
)
tag
=
soup
.
a
tag
.
string
=
""New link text.""
tag
# <a href=""http://example.com/"">New link text.</a>",23,False,False,False,False,False
971,Modifying the tree ,append(),1,False,False,False,False,False
972,Modifying the tree ,Tag.append(),1,False,False,False,False,False
973,Modifying the tree ,.append(),1,False,False,False,False,False
974,Modifying the tree ,"soup
=
BeautifulSoup
(
""<a>Foo</a>""
,
'html.parser'
)
new_string
=
soup
.
a
.
append
(
""Bar""
)
soup
# <a>FooBar</a>
soup
.
a
.
contents
# ['Foo', 'Bar']
new_string
# 'Bar'",28,False,False,False,False,False
975,Modifying the tree ,Tag.append(),1,False,False,False,False,False
976,Modifying the tree ,extend(),1,False,False,False,False,False
977,Modifying the tree ,Tag,1,False,False,False,False,False
978,Modifying the tree ,.extend(),1,False,False,False,False,False
979,Modifying the tree ,Tag,1,False,False,False,False,False
980,Modifying the tree ,"soup
=
BeautifulSoup
(
""<a>Soup</a>""
,
'html.parser'
)
soup
.
a
.
extend
([
""'s""
,
"" ""
,
""on""
])
soup
# <a>Soup's on</a>
soup
.
a
.
contents
# ['Soup', ''s', ' ', 'on']",28,False,False,False,False,False
981,Modifying the tree ,Tag.extend(),1,False,False,False,False,False
982,Modifying the tree ,NavigableString(),1,False,False,False,False,False
983,Modifying the tree ,.new_tag(),1,False,False,False,False,False
984,Modifying the tree ,append(),1,False,False,False,False,False
985,Modifying the tree ,NavigableString,1,False,False,False,False,False
986,Modifying the tree ,"from
bs4
import
NavigableString
soup
=
BeautifulSoup
(
""<b></b>""
,
'html.parser'
)
tag
=
soup
.
b
tag
.
append
(
""Hello""
)
new_string
=
NavigableString
(
"" there""
)
tag
.
append
(
new_string
)
tag
# <b>Hello there.</b>
tag
.
contents
# ['Hello', ' there']",41,False,False,False,False,False
987,Modifying the tree ,NavigableString,1,False,False,False,False,False
988,Modifying the tree ,"from
bs4
import
Comment
new_comment
=
Comment
(
""Nice to see you.""
)
tag
.
append
(
new_comment
)
tag
# <b>Hello there<!--Nice to see you.--></b>
tag
.
contents
# ['Hello', ' there', 'Nice to see you.']",22,False,False,False,False,False
989,Modifying the tree ,BeautifulSoup.new_tag(),1,False,False,False,False,False
990,Modifying the tree ,"soup
=
BeautifulSoup
(
""<b></b>""
,
'html.parser'
)
original_tag
=
soup
.
b
new_tag
=
soup
.
new_tag
(
""a""
,
href
=
""http://www.example.com""
,
string
=
""Link text.""
)
original_tag
.
append
(
new_tag
)
original_tag
# <b><a href=""http://www.example.com"">Link text.</a></b>",37,False,False,False,False,False
991,Modifying the tree ,"soup
=
BeautifulSoup
(
""<html></html>""
,
'html.parser'
)
html
=
soup
.
html
title
=
html
.
append
(
soup
.
new_tag
(
""title""
))",25,False,False,False,False,False
992,Modifying the tree ,insert(),1,False,False,False,False,False
993,Modifying the tree ,Tag.insert(),1,False,False,False,False,False
994,Modifying the tree ,Tag.append(),1,False,False,False,False,False
995,Modifying the tree ,.contents,1,False,False,False,False,False
996,Modifying the tree ,.insert(),1,False,False,False,False,False
997,Modifying the tree ,"markup
=
'<a href=""http://example.com/"">I linked to <i>example.com</i></a>'
soup
=
BeautifulSoup
(
markup
,
'html.parser'
)
tag
=
soup
.
a
new_string
=
tag
.
insert
(
1
,
""but did not endorse ""
)
tag
# <a href=""http://example.com/"">I linked to but did not endorse <i>example.com</i></a>
tag
.
contents
# ['I linked to ', 'but did not endorse ', <i>example.com</i>]
new_string
# 'but did not endorse '",34,False,False,False,False,False
998,Modifying the tree ,Tag.insert(),1,False,False,False,False,False
999,Modifying the tree ,Tag.insert(),1,False,False,False,False,False
1000,Modifying the tree ,insert_before(),1,False,False,False,False,False
1001,Modifying the tree ,insert_after(),1,False,False,False,False,False
1002,Modifying the tree ,insert_before(),1,False,False,False,False,False
1003,Modifying the tree ,"soup
=
BeautifulSoup
(
""<b>leave</b>""
,
'html.parser'
)
tag
=
soup
.
new_tag
(
""i""
)
tag
.
string
=
""Don't""
soup
.
b
.
string
.
insert_before
(
tag
)
soup
.
b
# <b><i>Don't</i>leave</b>",35,False,False,False,False,False
1004,Modifying the tree ,insert_after(),1,False,False,False,False,False
1005,Modifying the tree ,"div
=
soup
.
new_tag
(
'div'
)
div
.
string
=
'ever'
soup
.
b
.
i
.
insert_after
(
"" you ""
,
div
)
soup
.
b
# <b><i>Don't</i> you <div>ever</div> leave</b>
soup
.
b
.
contents
# [<i>Don't</i>, ' you', <div>ever</div>, 'leave']",35,False,False,False,False,False
1006,Modifying the tree ,clear(),1,False,False,False,False,False
1007,Modifying the tree ,Tag.clear(),1,False,False,False,False,False
1008,Modifying the tree ,"markup
=
'<a href=""http://example.com/"">I linked to <i>example.com</i></a>'
soup
=
BeautifulSoup
(
markup
,
'html.parser'
)
tag
=
soup
.
a
tag
.
clear
()
tag
# <a href=""http://example.com/""></a>",22,False,False,False,False,False
1009,Modifying the tree ,extract(),1,False,False,False,False,False
1010,Modifying the tree ,PageElement.extract(),1,False,False,False,False,False
1011,Modifying the tree ,"markup
=
'<a href=""http://example.com/"">I linked to <i>example.com</i></a>'
soup
=
BeautifulSoup
(
markup
,
'html.parser'
)
a_tag
=
soup
.
a
i_tag
=
soup
.
i
.
extract
()
a_tag
# <a href=""http://example.com/"">I linked to</a>
i_tag
# <i>example.com</i>
print
(
i_tag
.
parent
)
# None",35,False,False,False,False,False
1012,Modifying the tree ,BeautifulSoup,1,False,False,False,False,False
1013,Modifying the tree ,extract(),1,False,False,False,False,False
1014,Modifying the tree ,"my_string
=
i_tag
.
string
.
extract
()
my_string
# 'example.com'
print
(
my_string
.
parent
)
# None
i_tag
# <i></i>",19,False,False,False,False,False
1015,Modifying the tree ,decompose(),1,False,False,False,False,False
1016,Modifying the tree ,Tag.decompose(),1,False,False,False,False,False
1017,Modifying the tree ,"markup
=
'<a href=""http://example.com/"">I linked to <i>example.com</i></a>'
soup
=
BeautifulSoup
(
markup
,
'html.parser'
)
a_tag
=
soup
.
a
i_tag
=
soup
.
i
i_tag
.
decompose
()
a_tag
# <a href=""http://example.com/"">I linked to</a>",27,False,False,False,False,False
1018,Modifying the tree ,Tag,1,False,False,False,False,False
1019,Modifying the tree ,NavigableString,1,False,False,False,False,False
1020,Modifying the tree ,.decomposed,1,False,False,False,False,False
1021,Modifying the tree ,"i_tag
.
decomposed
# True
a_tag
.
decomposed
# False",8,False,False,False,False,False
1022,Modifying the tree ,replace_with(),1,False,False,False,False,False
1023,Modifying the tree ,PageElement.replace_with(),1,False,False,False,False,False
1024,Modifying the tree ,"markup
=
'<a href=""http://example.com/"">I linked to <i>example.com</i></a>'
soup
=
BeautifulSoup
(
markup
,
'html.parser'
)
a_tag
=
soup
.
a
new_tag
=
soup
.
new_tag
(
""b""
)
new_tag
.
string
=
""example.com""
a_tag
.
i
.
replace_with
(
new_tag
)
a_tag
# <a href=""http://example.com/"">I linked to <b>example.com</b></a>
bold_tag
=
soup
.
new_tag
(
""b""
)
bold_tag
.
string
=
""example""
i_tag
=
soup
.
new_tag
(
""i""
)
i_tag
.
string
=
""net""
a_tag
.
b
.
replace_with
(
bold_tag
,
"".""
,
i_tag
)
a_tag
# <a href=""http://example.com/"">I linked to <b>example</b>.<i>net</i></a>",79,False,False,False,False,False
1025,Modifying the tree ,replace_with(),1,False,False,False,False,False
1026,Modifying the tree ,wrap(),1,False,False,False,False,False
1027,Modifying the tree ,PageElement.wrap(),1,False,False,False,False,False
1028,Modifying the tree ,Tag,1,False,False,False,False,False
1029,Modifying the tree ,"soup
=
BeautifulSoup
(
""<p>I wish I was bold.</p>""
,
'html.parser'
)
soup
.
p
.
string
.
wrap
(
soup
.
new_tag
(
""b""
))
# <b>I wish I was bold.</b>
soup
.
p
.
wrap
(
soup
.
new_tag
(
""div""
))
# <div><p><b>I wish I was bold.</b></p></div>",36,False,False,False,False,False
1030,Modifying the tree ,unwrap(),1,False,False,False,False,False
1031,Modifying the tree ,Tag.unwrap(),1,False,False,False,False,False
1032,Modifying the tree ,wrap(),1,False,False,False,False,False
1033,Modifying the tree ,"markup
=
'<a href=""http://example.com/"">I linked to <i>example.com</i></a>'
soup
=
BeautifulSoup
(
markup
,
'html.parser'
)
a_tag
=
soup
.
a
a_tag
.
i
.
unwrap
()
a_tag
# <a href=""http://example.com/"">I linked to example.com</a>",24,False,False,False,False,False
1034,Modifying the tree ,replace_with(),1,False,False,False,False,False
1035,Modifying the tree ,unwrap(),1,False,False,False,False,False
1036,Modifying the tree ,smooth(),1,False,False,False,False,False
1037,Modifying the tree ,NavigableString,1,False,False,False,False,False
1038,Modifying the tree ,"soup
=
BeautifulSoup
(
""<p>A one</p>""
,
'html.parser'
)
soup
.
p
.
append
(
"", a two""
)
soup
.
p
.
contents
# ['A one', ', a two']
print
(
soup
.
p
.
encode
())
# b'<p>A one, a two</p>'
print
(
soup
.
p
.
prettify
())
# <p>
#  A one
#  , a two
# </p>",43,False,False,False,False,False
1039,Modifying the tree ,Tag.smooth(),1,False,False,False,False,False
1040,Modifying the tree ,"soup
.
smooth
()
soup
.
p
.
contents
# ['A one, a two']
print
(
soup
.
p
.
prettify
())
# <p>
#  A one, a two
# </p>",21,False,False,False,False,False
1041,Changing tag names and attributes ,Tag.attrs,1,False,False,False,False,False
1042,Changing tag names and attributes ,"soup
=
BeautifulSoup
(
'<b class=""boldest"">Extremely bold</b>'
,
'html.parser'
)
tag
=
soup
.
b
tag
.
name
=
""blockquote""
tag
[
'class'
]
=
'verybold'
tag
[
'id'
]
=
1
tag
# <blockquote class=""verybold"" id=""1"">Extremely bold</blockquote>
del
tag
[
'class'
]
del
tag
[
'id'
]
tag
# <blockquote>Extremely bold</blockquote>",44,False,False,False,False,False
1043,Modifying .string ,.string,1,False,False,False,False,False
1044,Modifying .string ,"markup
=
'<a href=""http://example.com/"">I linked to <i>example.com</i></a>'
soup
=
BeautifulSoup
(
markup
,
'html.parser'
)
tag
=
soup
.
a
tag
.
string
=
""New link text.""
tag
# <a href=""http://example.com/"">New link text.</a>",23,False,False,False,False,False
1045,append() ,Tag.append(),1,False,False,False,False,False
1046,append() ,.append(),1,False,False,False,False,False
1047,append() ,"soup
=
BeautifulSoup
(
""<a>Foo</a>""
,
'html.parser'
)
new_string
=
soup
.
a
.
append
(
""Bar""
)
soup
# <a>FooBar</a>
soup
.
a
.
contents
# ['Foo', 'Bar']
new_string
# 'Bar'",28,False,False,False,False,False
1048,append() ,Tag.append(),1,False,False,False,False,False
1049,extend() ,Tag,1,False,False,False,False,False
1050,extend() ,.extend(),1,False,False,False,False,False
1051,extend() ,Tag,1,False,False,False,False,False
1052,extend() ,"soup
=
BeautifulSoup
(
""<a>Soup</a>""
,
'html.parser'
)
soup
.
a
.
extend
([
""'s""
,
"" ""
,
""on""
])
soup
# <a>Soup's on</a>
soup
.
a
.
contents
# ['Soup', ''s', ' ', 'on']",28,False,False,False,False,False
1053,extend() ,Tag.extend(),1,False,False,False,False,False
1054,NavigableString() and .new_tag() ,append(),1,False,False,False,False,False
1055,NavigableString() and .new_tag() ,NavigableString,1,False,False,False,False,False
1056,NavigableString() and .new_tag() ,"from
bs4
import
NavigableString
soup
=
BeautifulSoup
(
""<b></b>""
,
'html.parser'
)
tag
=
soup
.
b
tag
.
append
(
""Hello""
)
new_string
=
NavigableString
(
"" there""
)
tag
.
append
(
new_string
)
tag
# <b>Hello there.</b>
tag
.
contents
# ['Hello', ' there']",41,False,False,False,False,False
1057,NavigableString() and .new_tag() ,NavigableString,1,False,False,False,False,False
1058,NavigableString() and .new_tag() ,"from
bs4
import
Comment
new_comment
=
Comment
(
""Nice to see you.""
)
tag
.
append
(
new_comment
)
tag
# <b>Hello there<!--Nice to see you.--></b>
tag
.
contents
# ['Hello', ' there', 'Nice to see you.']",22,False,False,False,False,False
1059,NavigableString() and .new_tag() ,BeautifulSoup.new_tag(),1,False,False,False,False,False
1060,NavigableString() and .new_tag() ,"soup
=
BeautifulSoup
(
""<b></b>""
,
'html.parser'
)
original_tag
=
soup
.
b
new_tag
=
soup
.
new_tag
(
""a""
,
href
=
""http://www.example.com""
,
string
=
""Link text.""
)
original_tag
.
append
(
new_tag
)
original_tag
# <b><a href=""http://www.example.com"">Link text.</a></b>",37,False,False,False,False,False
1061,NavigableString() and .new_tag() ,"soup
=
BeautifulSoup
(
""<html></html>""
,
'html.parser'
)
html
=
soup
.
html
title
=
html
.
append
(
soup
.
new_tag
(
""title""
))",25,False,False,False,False,False
1062,insert() ,Tag.insert(),1,False,False,False,False,False
1063,insert() ,Tag.append(),1,False,False,False,False,False
1064,insert() ,.contents,1,False,False,False,False,False
1065,insert() ,.insert(),1,False,False,False,False,False
1066,insert() ,"markup
=
'<a href=""http://example.com/"">I linked to <i>example.com</i></a>'
soup
=
BeautifulSoup
(
markup
,
'html.parser'
)
tag
=
soup
.
a
new_string
=
tag
.
insert
(
1
,
""but did not endorse ""
)
tag
# <a href=""http://example.com/"">I linked to but did not endorse <i>example.com</i></a>
tag
.
contents
# ['I linked to ', 'but did not endorse ', <i>example.com</i>]
new_string
# 'but did not endorse '",34,False,False,False,False,False
1067,insert() ,Tag.insert(),1,False,False,False,False,False
1068,insert() ,Tag.insert(),1,False,False,False,False,False
1069,insert_before() and insert_after() ,insert_before(),1,False,False,False,False,False
1070,insert_before() and insert_after() ,"soup
=
BeautifulSoup
(
""<b>leave</b>""
,
'html.parser'
)
tag
=
soup
.
new_tag
(
""i""
)
tag
.
string
=
""Don't""
soup
.
b
.
string
.
insert_before
(
tag
)
soup
.
b
# <b><i>Don't</i>leave</b>",35,False,False,False,False,False
1071,insert_before() and insert_after() ,insert_after(),1,False,False,False,False,False
1072,insert_before() and insert_after() ,"div
=
soup
.
new_tag
(
'div'
)
div
.
string
=
'ever'
soup
.
b
.
i
.
insert_after
(
"" you ""
,
div
)
soup
.
b
# <b><i>Don't</i> you <div>ever</div> leave</b>
soup
.
b
.
contents
# [<i>Don't</i>, ' you', <div>ever</div>, 'leave']",35,False,False,False,False,False
1073,clear() ,Tag.clear(),1,False,False,False,False,False
1074,clear() ,"markup
=
'<a href=""http://example.com/"">I linked to <i>example.com</i></a>'
soup
=
BeautifulSoup
(
markup
,
'html.parser'
)
tag
=
soup
.
a
tag
.
clear
()
tag
# <a href=""http://example.com/""></a>",22,False,False,False,False,False
1075,extract() ,PageElement.extract(),1,False,False,False,False,False
1076,extract() ,"markup
=
'<a href=""http://example.com/"">I linked to <i>example.com</i></a>'
soup
=
BeautifulSoup
(
markup
,
'html.parser'
)
a_tag
=
soup
.
a
i_tag
=
soup
.
i
.
extract
()
a_tag
# <a href=""http://example.com/"">I linked to</a>
i_tag
# <i>example.com</i>
print
(
i_tag
.
parent
)
# None",35,False,False,False,False,False
1077,extract() ,BeautifulSoup,1,False,False,False,False,False
1078,extract() ,extract(),1,False,False,False,False,False
1079,extract() ,"my_string
=
i_tag
.
string
.
extract
()
my_string
# 'example.com'
print
(
my_string
.
parent
)
# None
i_tag
# <i></i>",19,False,False,False,False,False
1080,decompose() ,Tag.decompose(),1,False,False,False,False,False
1081,decompose() ,"markup
=
'<a href=""http://example.com/"">I linked to <i>example.com</i></a>'
soup
=
BeautifulSoup
(
markup
,
'html.parser'
)
a_tag
=
soup
.
a
i_tag
=
soup
.
i
i_tag
.
decompose
()
a_tag
# <a href=""http://example.com/"">I linked to</a>",27,False,False,False,False,False
1082,decompose() ,Tag,1,False,False,False,False,False
1083,decompose() ,NavigableString,1,False,False,False,False,False
1084,decompose() ,.decomposed,1,False,False,False,False,False
1085,decompose() ,"i_tag
.
decomposed
# True
a_tag
.
decomposed
# False",8,False,False,False,False,False
1086,replace_with() ,PageElement.replace_with(),1,False,False,False,False,False
1087,replace_with() ,"markup
=
'<a href=""http://example.com/"">I linked to <i>example.com</i></a>'
soup
=
BeautifulSoup
(
markup
,
'html.parser'
)
a_tag
=
soup
.
a
new_tag
=
soup
.
new_tag
(
""b""
)
new_tag
.
string
=
""example.com""
a_tag
.
i
.
replace_with
(
new_tag
)
a_tag
# <a href=""http://example.com/"">I linked to <b>example.com</b></a>
bold_tag
=
soup
.
new_tag
(
""b""
)
bold_tag
.
string
=
""example""
i_tag
=
soup
.
new_tag
(
""i""
)
i_tag
.
string
=
""net""
a_tag
.
b
.
replace_with
(
bold_tag
,
"".""
,
i_tag
)
a_tag
# <a href=""http://example.com/"">I linked to <b>example</b>.<i>net</i></a>",79,False,False,False,False,False
1088,replace_with() ,replace_with(),1,False,False,False,False,False
1089,wrap() ,PageElement.wrap(),1,False,False,False,False,False
1090,wrap() ,Tag,1,False,False,False,False,False
1091,wrap() ,"soup
=
BeautifulSoup
(
""<p>I wish I was bold.</p>""
,
'html.parser'
)
soup
.
p
.
string
.
wrap
(
soup
.
new_tag
(
""b""
))
# <b>I wish I was bold.</b>
soup
.
p
.
wrap
(
soup
.
new_tag
(
""div""
))
# <div><p><b>I wish I was bold.</b></p></div>",36,False,False,False,False,False
1092,unwrap() ,Tag.unwrap(),1,False,False,False,False,False
1093,unwrap() ,wrap(),1,False,False,False,False,False
1094,unwrap() ,"markup
=
'<a href=""http://example.com/"">I linked to <i>example.com</i></a>'
soup
=
BeautifulSoup
(
markup
,
'html.parser'
)
a_tag
=
soup
.
a
a_tag
.
i
.
unwrap
()
a_tag
# <a href=""http://example.com/"">I linked to example.com</a>",24,False,False,False,False,False
1095,unwrap() ,replace_with(),1,False,False,False,False,False
1096,unwrap() ,unwrap(),1,False,False,False,False,False
1097,smooth() ,NavigableString,1,False,False,False,False,False
1098,smooth() ,"soup
=
BeautifulSoup
(
""<p>A one</p>""
,
'html.parser'
)
soup
.
p
.
append
(
"", a two""
)
soup
.
p
.
contents
# ['A one', ', a two']
print
(
soup
.
p
.
encode
())
# b'<p>A one, a two</p>'
print
(
soup
.
p
.
prettify
())
# <p>
#  A one
#  , a two
# </p>",43,False,False,False,False,False
1099,smooth() ,Tag.smooth(),1,False,False,False,False,False
1100,smooth() ,"soup
.
smooth
()
soup
.
p
.
contents
# ['A one, a two']
print
(
soup
.
p
.
prettify
())
# <p>
#  A one, a two
# </p>",21,False,False,False,False,False
1101,Output ,prettify(),1,False,False,False,False,False
1102,Output ,"markup
=
'<html><head><body><a href=""http://example.com/"">I linked to <i>example.com</i></a>'
soup
=
BeautifulSoup
(
markup
,
'html.parser'
)
soup
.
prettify
()
# '<html>\n <head>\n </head>\n <body>\n  <a href=""http://example.com/"">\n...'
print
(
soup
.
prettify
())
# <html>
#  <head>
#  </head>
#  <body>
#   <a href=""http://example.com/"">
#    I linked to
#    <i>
#     example.com
#    </i>
#   </a>
#  </body>
# </html>",34,False,False,False,False,False
1103,Output ,prettify(),1,False,False,False,False,False
1104,Output ,BeautifulSoup,1,False,False,False,False,False
1105,Output ,Tag,1,False,False,False,False,False
1106,Output ,"print
(
soup
.
a
.
prettify
())
# <a href=""http://example.com/"">
#  I linked to
#  <i>
#   example.com
#  </i>
# </a>",14,False,False,False,False,False
1107,Output ,prettify(),1,False,False,False,False,False
1108,Output ,prettify(),1,False,False,False,False,False
1109,Output ,str(),1,False,False,False,False,False
1110,Output ,BeautifulSoup,1,False,False,False,False,False
1111,Output ,Tag,1,False,False,False,False,False
1112,Output ,"str
(
soup
)
# '<html><head></head><body><a href=""http://example.com/"">I linked to <i>example.com</i></a></body></html>'
str
(
soup
.
a
)
# '<a href=""http://example.com/"">I linked to <i>example.com</i></a>'",12,False,False,False,False,False
1113,Output ,str(),1,False,False,False,False,False
1114,Output ,encode(),1,False,False,False,False,False
1115,Output ,decode(),1,False,False,False,False,False
1116,Output ,"soup
=
BeautifulSoup
(
""&ldquo;Dammit!&rdquo; he said.""
,
'html.parser'
)
str
(
soup
)
# '“Dammit!” he said.'",13,False,False,False,False,False
1117,Output ,"soup
.
encode
(
""utf8""
)
# b'\xe2\x80\x9cDammit!\xe2\x80\x9d he said.'",7,False,False,False,False,False
1118,Output ,"soup
=
BeautifulSoup
(
""<p>The law firm of Dewey, Cheatem, & Howe</p>""
,
'html.parser'
)
soup
.
p
# <p>The law firm of Dewey, Cheatem, &amp; Howe</p>
soup
=
BeautifulSoup
(
'<a href=""http://example.com/?foo=val1&bar=val2"">A link</a>'
,
'html.parser'
)
soup
.
a
# <a href=""http://example.com/?foo=val1&amp;bar=val2"">A link</a>",24,False,False,False,False,False
1119,Output ,formatter,1,False,False,False,False,False
1120,Output ,prettify(),1,False,False,False,False,False
1121,Output ,encode(),1,False,False,False,False,False
1122,Output ,decode(),1,False,False,False,False,False
1123,Output ,formatter,1,False,False,False,False,False
1124,Output ,"formatter=""minimal""",1,False,False,False,False,False
1125,Output ,"french
=
""<p>Il a dit &lt;&lt;Sacr&eacute; bleu!&gt;&gt;</p>""
soup
=
BeautifulSoup
(
french
,
'html.parser'
)
print
(
soup
.
prettify
(
formatter
=
""minimal""
))
# <p>
#  Il a dit &lt;&lt;Sacré bleu!&gt;&gt;
# </p>",24,False,False,False,False,False
1126,Output ,"formatter=""html""",1,False,False,False,False,False
1127,Output ,"print
(
soup
.
prettify
(
formatter
=
""html""
))
# <p>
#  Il a dit &lt;&lt;Sacr&eacute; bleu!&gt;&gt;
# </p>",13,False,False,False,False,False
1128,Output ,"formatter=""html5""",1,False,False,False,False,False
1129,Output ,"formatter=""html""",1,False,False,False,False,False
1130,Output ,"br
=
BeautifulSoup
(
""<br>""
,
'html.parser'
)
.
br
print
(
br
.
encode
(
formatter
=
""html""
))
# b'<br/>'
print
(
br
.
encode
(
formatter
=
""html5""
))
# b'<br>'",32,False,False,False,False,False
1131,Output ,"option
=
BeautifulSoup
(
'<option selected=""""></option>'
)
.
option
print
(
option
.
encode
(
formatter
=
""html""
))
# b'<option selected=""""></option>'
print
(
option
.
encode
(
formatter
=
""html5""
))
# b'<option selected></option>'",30,False,False,True,False,False
1132,Output ,formatter=None,1,False,False,False,False,False
1133,Output ,"print
(
soup
.
prettify
(
formatter
=
None
))
# <p>
#  Il a dit <<Sacré bleu!>>
# </p>
link_soup
=
BeautifulSoup
(
'<a href=""http://example.com/?foo=val1&bar=val2"">A link</a>'
,
'html.parser'
)
print
(
link_soup
.
a
.
encode
(
formatter
=
None
))
# b'<a href=""http://example.com/?foo=val1&bar=val2"">A link</a>'",34,False,False,False,False,False
1134,Output ,formatter,1,False,False,False,False,False
1135,Output ,"from
bs4.formatter
import
HTMLFormatter
def
uppercase
(
str
):
return
str
.
upper
()
formatter
=
HTMLFormatter
(
uppercase
)
print
(
soup
.
prettify
(
formatter
=
formatter
))
# <p>
#  IL A DIT <<SACRÉ BLEU!>>
# </p>
print
(
link_soup
.
a
.
prettify
(
formatter
=
formatter
))
# <a href=""HTTP://EXAMPLE.COM/?FOO=VAL1&BAR=VAL2"">
#  A LINK
# </a>",48,False,False,False,False,False
1136,Output ,"formatter
=
HTMLFormatter
(
indent
=
8
)
print
(
link_soup
.
a
.
prettify
(
formatter
=
formatter
))
# <a href=""http://example.com/?foo=val1&bar=val2"">
#         A link
# </a>",23,False,False,False,False,False
1137,Output ,HTMLFormatter,1,False,False,False,False,False
1138,Output ,XMLFormatter,1,False,False,False,False,False
1139,Output ,"attr_soup
=
BeautifulSoup
(
b
'<p z=""1"" m=""2"" a=""3""></p>'
,
'html.parser'
)
print
(
attr_soup
.
p
.
encode
())
# <p a=""3"" m=""2"" z=""1""></p>",18,False,False,False,False,False
1140,Output ,Formatter.attributes(),1,False,False,False,False,False
1141,Output ,"class
UnsortedAttributes
(
HTMLFormatter
):
def
attributes
(
self
,
tag
):
for
k
,
v
in
tag
.
attrs
.
items
():
if
k
==
'm'
:
continue
yield
k
,
v
print
(
attr_soup
.
p
.
encode
(
formatter
=
UnsortedAttributes
()))
# <p z=""1"" a=""3""></p>",46,False,False,False,False,False
1142,Output ,CData,1,False,False,False,False,False
1143,Output ,"from
bs4.element
import
CData
soup
=
BeautifulSoup
(
""<a></a>""
,
'html.parser'
)
soup
.
a
.
string
=
CData
(
""one < three""
)
print
(
soup
.
a
.
prettify
(
formatter
=
""html""
))
# <a>
#  <![CDATA[one < three]]>
# </a>",37,False,False,False,False,False
1144,Output ,get_text(),1,False,False,False,True,False
1145,Output ,get_text(),1,False,False,False,True,False
1146,Output ,"markup
=
'<a href=""http://example.com/"">
\n
I linked to <i>example.com</i>
\n
</a>'
soup
=
BeautifulSoup
(
markup
,
'html.parser'
)
soup
.
get_text
()
'
\n
I linked to example.com
\n
'
soup
.
i
.
get_text
()
'example.com'",31,False,False,False,True,False
1147,Output ,"# soup.get_text(""|"")
'
\n
I linked to |example.com|
\n
'",6,False,False,False,True,False
1148,Output ,"# soup.get_text(""|"", strip=True)
'I linked to|example.com'",2,False,False,False,True,False
1149,Output ,"[
text
for
text
in
soup
.
stripped_strings
]
# ['I linked to', 'example.com']",10,False,False,False,False,False
1150,Pretty-printing ,prettify(),1,False,False,False,False,False
1151,Pretty-printing ,"markup
=
'<html><head><body><a href=""http://example.com/"">I linked to <i>example.com</i></a>'
soup
=
BeautifulSoup
(
markup
,
'html.parser'
)
soup
.
prettify
()
# '<html>\n <head>\n </head>\n <body>\n  <a href=""http://example.com/"">\n...'
print
(
soup
.
prettify
())
# <html>
#  <head>
#  </head>
#  <body>
#   <a href=""http://example.com/"">
#    I linked to
#    <i>
#     example.com
#    </i>
#   </a>
#  </body>
# </html>",34,False,False,False,False,False
1152,Pretty-printing ,prettify(),1,False,False,False,False,False
1153,Pretty-printing ,BeautifulSoup,1,False,False,False,False,False
1154,Pretty-printing ,Tag,1,False,False,False,False,False
1155,Pretty-printing ,"print
(
soup
.
a
.
prettify
())
# <a href=""http://example.com/"">
#  I linked to
#  <i>
#   example.com
#  </i>
# </a>",14,False,False,False,False,False
1156,Pretty-printing ,prettify(),1,False,False,False,False,False
1157,Pretty-printing ,prettify(),1,False,False,False,False,False
1158,Non-pretty printing ,str(),1,False,False,False,False,False
1159,Non-pretty printing ,BeautifulSoup,1,False,False,False,False,False
1160,Non-pretty printing ,Tag,1,False,False,False,False,False
1161,Non-pretty printing ,"str
(
soup
)
# '<html><head></head><body><a href=""http://example.com/"">I linked to <i>example.com</i></a></body></html>'
str
(
soup
.
a
)
# '<a href=""http://example.com/"">I linked to <i>example.com</i></a>'",12,False,False,False,False,False
1162,Non-pretty printing ,str(),1,False,False,False,False,False
1163,Non-pretty printing ,encode(),1,False,False,False,False,False
1164,Non-pretty printing ,decode(),1,False,False,False,False,False
1165,Output formatters ,"soup
=
BeautifulSoup
(
""&ldquo;Dammit!&rdquo; he said.""
,
'html.parser'
)
str
(
soup
)
# '“Dammit!” he said.'",13,False,False,False,False,False
1166,Output formatters ,"soup
.
encode
(
""utf8""
)
# b'\xe2\x80\x9cDammit!\xe2\x80\x9d he said.'",7,False,False,False,False,False
1167,Output formatters ,"soup
=
BeautifulSoup
(
""<p>The law firm of Dewey, Cheatem, & Howe</p>""
,
'html.parser'
)
soup
.
p
# <p>The law firm of Dewey, Cheatem, &amp; Howe</p>
soup
=
BeautifulSoup
(
'<a href=""http://example.com/?foo=val1&bar=val2"">A link</a>'
,
'html.parser'
)
soup
.
a
# <a href=""http://example.com/?foo=val1&amp;bar=val2"">A link</a>",24,False,False,False,False,False
1168,Output formatters ,formatter,1,False,False,False,False,False
1169,Output formatters ,prettify(),1,False,False,False,False,False
1170,Output formatters ,encode(),1,False,False,False,False,False
1171,Output formatters ,decode(),1,False,False,False,False,False
1172,Output formatters ,formatter,1,False,False,False,False,False
1173,Output formatters ,"formatter=""minimal""",1,False,False,False,False,False
1174,Output formatters ,"french
=
""<p>Il a dit &lt;&lt;Sacr&eacute; bleu!&gt;&gt;</p>""
soup
=
BeautifulSoup
(
french
,
'html.parser'
)
print
(
soup
.
prettify
(
formatter
=
""minimal""
))
# <p>
#  Il a dit &lt;&lt;Sacré bleu!&gt;&gt;
# </p>",24,False,False,False,False,False
1175,Output formatters ,"formatter=""html""",1,False,False,False,False,False
1176,Output formatters ,"print
(
soup
.
prettify
(
formatter
=
""html""
))
# <p>
#  Il a dit &lt;&lt;Sacr&eacute; bleu!&gt;&gt;
# </p>",13,False,False,False,False,False
1177,Output formatters ,"formatter=""html5""",1,False,False,False,False,False
1178,Output formatters ,"formatter=""html""",1,False,False,False,False,False
1179,Output formatters ,"br
=
BeautifulSoup
(
""<br>""
,
'html.parser'
)
.
br
print
(
br
.
encode
(
formatter
=
""html""
))
# b'<br/>'
print
(
br
.
encode
(
formatter
=
""html5""
))
# b'<br>'",32,False,False,False,False,False
1180,Output formatters ,"option
=
BeautifulSoup
(
'<option selected=""""></option>'
)
.
option
print
(
option
.
encode
(
formatter
=
""html""
))
# b'<option selected=""""></option>'
print
(
option
.
encode
(
formatter
=
""html5""
))
# b'<option selected></option>'",30,False,False,True,False,False
1181,Output formatters ,formatter=None,1,False,False,False,False,False
1182,Output formatters ,"print
(
soup
.
prettify
(
formatter
=
None
))
# <p>
#  Il a dit <<Sacré bleu!>>
# </p>
link_soup
=
BeautifulSoup
(
'<a href=""http://example.com/?foo=val1&bar=val2"">A link</a>'
,
'html.parser'
)
print
(
link_soup
.
a
.
encode
(
formatter
=
None
))
# b'<a href=""http://example.com/?foo=val1&bar=val2"">A link</a>'",34,False,False,False,False,False
1183,Output formatters ,formatter,1,False,False,False,False,False
1184,Output formatters ,"from
bs4.formatter
import
HTMLFormatter
def
uppercase
(
str
):
return
str
.
upper
()
formatter
=
HTMLFormatter
(
uppercase
)
print
(
soup
.
prettify
(
formatter
=
formatter
))
# <p>
#  IL A DIT <<SACRÉ BLEU!>>
# </p>
print
(
link_soup
.
a
.
prettify
(
formatter
=
formatter
))
# <a href=""HTTP://EXAMPLE.COM/?FOO=VAL1&BAR=VAL2"">
#  A LINK
# </a>",48,False,False,False,False,False
1185,Output formatters ,"formatter
=
HTMLFormatter
(
indent
=
8
)
print
(
link_soup
.
a
.
prettify
(
formatter
=
formatter
))
# <a href=""http://example.com/?foo=val1&bar=val2"">
#         A link
# </a>",23,False,False,False,False,False
1186,Output formatters ,HTMLFormatter,1,False,False,False,False,False
1187,Output formatters ,XMLFormatter,1,False,False,False,False,False
1188,Output formatters ,"attr_soup
=
BeautifulSoup
(
b
'<p z=""1"" m=""2"" a=""3""></p>'
,
'html.parser'
)
print
(
attr_soup
.
p
.
encode
())
# <p a=""3"" m=""2"" z=""1""></p>",18,False,False,False,False,False
1189,Output formatters ,Formatter.attributes(),1,False,False,False,False,False
1190,Output formatters ,"class
UnsortedAttributes
(
HTMLFormatter
):
def
attributes
(
self
,
tag
):
for
k
,
v
in
tag
.
attrs
.
items
():
if
k
==
'm'
:
continue
yield
k
,
v
print
(
attr_soup
.
p
.
encode
(
formatter
=
UnsortedAttributes
()))
# <p z=""1"" a=""3""></p>",46,False,False,False,False,False
1191,Output formatters ,CData,1,False,False,False,False,False
1192,Output formatters ,"from
bs4.element
import
CData
soup
=
BeautifulSoup
(
""<a></a>""
,
'html.parser'
)
soup
.
a
.
string
=
CData
(
""one < three""
)
print
(
soup
.
a
.
prettify
(
formatter
=
""html""
))
# <a>
#  <![CDATA[one < three]]>
# </a>",37,False,False,False,False,False
1193,Formatter objects ,formatter,1,False,False,False,False,False
1194,Formatter objects ,"from
bs4.formatter
import
HTMLFormatter
def
uppercase
(
str
):
return
str
.
upper
()
formatter
=
HTMLFormatter
(
uppercase
)
print
(
soup
.
prettify
(
formatter
=
formatter
))
# <p>
#  IL A DIT <<SACRÉ BLEU!>>
# </p>
print
(
link_soup
.
a
.
prettify
(
formatter
=
formatter
))
# <a href=""HTTP://EXAMPLE.COM/?FOO=VAL1&BAR=VAL2"">
#  A LINK
# </a>",48,False,False,False,False,False
1195,Formatter objects ,"formatter
=
HTMLFormatter
(
indent
=
8
)
print
(
link_soup
.
a
.
prettify
(
formatter
=
formatter
))
# <a href=""http://example.com/?foo=val1&bar=val2"">
#         A link
# </a>",23,False,False,False,False,False
1196,Writing your own formatter ,HTMLFormatter,1,False,False,False,False,False
1197,Writing your own formatter ,XMLFormatter,1,False,False,False,False,False
1198,Writing your own formatter ,"attr_soup
=
BeautifulSoup
(
b
'<p z=""1"" m=""2"" a=""3""></p>'
,
'html.parser'
)
print
(
attr_soup
.
p
.
encode
())
# <p a=""3"" m=""2"" z=""1""></p>",18,False,False,False,False,False
1199,Writing your own formatter ,Formatter.attributes(),1,False,False,False,False,False
1200,Writing your own formatter ,"class
UnsortedAttributes
(
HTMLFormatter
):
def
attributes
(
self
,
tag
):
for
k
,
v
in
tag
.
attrs
.
items
():
if
k
==
'm'
:
continue
yield
k
,
v
print
(
attr_soup
.
p
.
encode
(
formatter
=
UnsortedAttributes
()))
# <p z=""1"" a=""3""></p>",46,False,False,False,False,False
1201,Writing your own formatter ,CData,1,False,False,False,False,False
1202,Writing your own formatter ,"from
bs4.element
import
CData
soup
=
BeautifulSoup
(
""<a></a>""
,
'html.parser'
)
soup
.
a
.
string
=
CData
(
""one < three""
)
print
(
soup
.
a
.
prettify
(
formatter
=
""html""
))
# <a>
#  <![CDATA[one < three]]>
# </a>",37,False,False,False,False,False
1203,get_text() ,get_text(),1,False,False,False,True,False
1204,get_text() ,"markup
=
'<a href=""http://example.com/"">
\n
I linked to <i>example.com</i>
\n
</a>'
soup
=
BeautifulSoup
(
markup
,
'html.parser'
)
soup
.
get_text
()
'
\n
I linked to example.com
\n
'
soup
.
i
.
get_text
()
'example.com'",31,False,False,False,True,False
1205,get_text() ,"# soup.get_text(""|"")
'
\n
I linked to |example.com|
\n
'",6,False,False,False,True,False
1206,get_text() ,"# soup.get_text(""|"", strip=True)
'I linked to|example.com'",2,False,False,False,True,False
1207,get_text() ,"[
text
for
text
in
soup
.
stripped_strings
]
# ['I linked to', 'example.com']",10,False,False,False,False,False
1208,Specifying the parser to use ,BeautifulSoup,1,False,False,False,False,False
1209,Specifying the parser to use ,BeautifulSoup,1,False,False,False,False,False
1210,Specifying the parser to use ,"BeautifulSoup
(
""<a><b/></a>""
,
""html.parser""
)
# <a><b></b></a>",7,False,False,False,False,False
1211,Specifying the parser to use ,"print
(
BeautifulSoup
(
""<a><b/></a>""
,
""xml""
))
# <?xml version=""1.0"" encoding=""utf-8""?>
# <a><b/></a>",10,False,False,False,False,False
1212,Specifying the parser to use ,"BeautifulSoup
(
""<a></p>""
,
""lxml""
)
# <html><body><a></a></body></html>",7,False,False,False,False,False
1213,Specifying the parser to use ,"BeautifulSoup
(
""<a></p>""
,
""html5lib""
)
# <html><head></head><body><a><p></p></a></body></html>",7,False,False,False,False,False
1214,Specifying the parser to use ,"BeautifulSoup
(
""<a></p>""
,
""html.parser""
)
# <a></a>",7,False,False,False,False,False
1215,Specifying the parser to use ,BeautifulSoup,1,False,False,False,False,False
1216,Differences between parsers ,"BeautifulSoup
(
""<a><b/></a>""
,
""html.parser""
)
# <a><b></b></a>",7,False,False,False,False,False
1217,Differences between parsers ,"print
(
BeautifulSoup
(
""<a><b/></a>""
,
""xml""
))
# <?xml version=""1.0"" encoding=""utf-8""?>
# <a><b/></a>",10,False,False,False,False,False
1218,Differences between parsers ,"BeautifulSoup
(
""<a></p>""
,
""lxml""
)
# <html><body><a></a></body></html>",7,False,False,False,False,False
1219,Differences between parsers ,"BeautifulSoup
(
""<a></p>""
,
""html5lib""
)
# <html><head></head><body><a><p></p></a></body></html>",7,False,False,False,False,False
1220,Differences between parsers ,"BeautifulSoup
(
""<a></p>""
,
""html.parser""
)
# <a></a>",7,False,False,False,False,False
1221,Differences between parsers ,BeautifulSoup,1,False,False,False,False,False
1222,Encodings ,"markup
=
b
""<h1>Sacr
\xc3\xa9
bleu!</h1>""
soup
=
BeautifulSoup
(
markup
,
'html.parser'
)
soup
.
h1
# <h1>Sacré bleu!</h1>
soup
.
h1
.
string
# 'Sacr\xe9 bleu!'",24,False,False,False,False,False
1223,Encodings ,.original_encoding,1,False,False,False,False,False
1224,Encodings ,BeautifulSoup,1,False,False,False,False,False
1225,Encodings ,"soup
.
original_encoding
# 'utf-8'",4,False,False,False,False,False
1226,Encodings ,.original_encoding,1,False,False,False,False,False
1227,Encodings ,,1,False,False,False,False,False
1228,Encodings ,"markup
=
""<h1>Sacré bleu!</h1>""
soup
=
BeautifulSoup
(
markup
,
'html.parser'
)
print
(
soup
.
original_encoding
)
# None",18,False,False,False,False,False
1229,Encodings ,BeautifulSoup,1,False,False,False,False,False
1230,Encodings ,from_encoding,1,False,False,False,False,False
1231,Encodings ,"markup
=
b
""<h1>
\xed\xe5\xec\xf9
</h1>""
soup
=
BeautifulSoup
(
markup
,
'html.parser'
)
print
(
soup
.
h1
)
# <h1>νεμω</h1>
print
(
soup
.
original_encoding
)
# iso-8859-7",28,False,False,False,False,False
1232,Encodings ,from_encoding,1,False,False,False,False,False
1233,Encodings ,"soup
=
BeautifulSoup
(
markup
,
'html.parser'
,
from_encoding
=
""iso-8859-8""
)
print
(
soup
.
h1
)
# <h1>םולש</h1>
print
(
soup
.
original_encoding
)
# iso8859-8",26,False,False,False,False,False
1234,Encodings ,exclude_encodings,1,False,False,False,False,False
1235,Encodings ,"soup
=
BeautifulSoup
(
markup
,
'html.parser'
,
exclude_encodings
=
[
""iso-8859-7""
])
print
(
soup
.
h1
)
# <h1>םולש</h1>
print
(
soup
.
original_encoding
)
# WINDOWS-1255",27,False,False,False,False,False
1236,Encodings ,exclude_encodings,1,False,False,False,False,False
1237,Encodings ,.contains_replacement_characters,1,False,False,False,False,False
1238,Encodings ,True,1,False,False,False,False,False
1239,Encodings ,UnicodeDammit,1,False,False,False,False,False
1240,Encodings ,BeautifulSoup,1,False,False,False,False,False
1241,Encodings ,.contains_replacement_characters,1,False,False,False,False,False
1242,Encodings ,False,1,False,False,False,False,False
1243,Encodings ,"markup
=
b
'''
<html>
<head>
<meta content=""text/html; charset=ISO-Latin-1"" http-equiv=""Content-type"" />
</head>
<body>
<p>Sacr
\xe9
bleu!</p>
</body>
</html>
'''
soup
=
BeautifulSoup
(
markup
,
'html.parser'
)
print
(
soup
.
prettify
())
# <html>
#  <head>
#   <meta content=""text/html; charset=utf-8"" http-equiv=""Content-type"" />
#  </head>
#  <body>
#   <p>
#    Sacré bleu!
#   </p>
#  </body>
# </html>",39,False,False,False,False,False
1244,Encodings ,prettify(),1,False,False,False,False,False
1245,Encodings ,"print
(
soup
.
prettify
(
""latin-1""
))
# <html>
#  <head>
#   <meta content=""text/html; charset=latin-1"" http-equiv=""Content-type"" />
# ...",12,False,False,False,False,False
1246,Encodings ,BeautifulSoup,1,False,False,False,False,False
1247,Encodings ,"soup
.
p
.
encode
(
""latin-1""
)
# b'<p>Sacr\xe9 bleu!</p>'
soup
.
p
.
encode
(
""utf-8""
)
# b'<p>Sacr\xc3\xa9 bleu!</p>'",18,False,False,False,False,False
1248,Encodings ,"markup
=
u
""<b>
\N{SNOWMAN}
</b>""
snowman_soup
=
BeautifulSoup
(
markup
,
'html.parser'
)
tag
=
snowman_soup
.
b",19,False,False,False,False,False
1249,Encodings ,"print
(
tag
.
encode
(
""utf-8""
))
# b'<b>\xe2\x98\x83</b>'
print
(
tag
.
encode
(
""latin-1""
))
# b'<b>&#9731;</b>'
print
(
tag
.
encode
(
""ascii""
))
# b'<b>&#9731;</b>'",27,False,False,False,False,False
1250,Encodings ,"from
bs4
import
UnicodeDammit
dammit
=
UnicodeDammit
(
b
""
\xc2\xab
Sacr
\xc3\xa9
bleu!
\xc2\xbb
""
)
print
(
dammit
.
unicode_markup
)
# «Sacré bleu!»
dammit
.
original_encoding
# 'utf-8'",28,False,False,False,False,False
1251,Encodings ,charset-normalizer,1,False,False,False,False,False
1252,Encodings ,chardet,1,False,False,False,False,False
1253,Encodings ,cchardet,1,False,False,False,False,False
1254,Encodings ,"dammit
=
UnicodeDammit
(
""Sacr
\xe9
bleu!""
,
[
""latin-1""
,
""iso-8859-1""
])
print
(
dammit
.
unicode_markup
)
# Sacré bleu!
dammit
.
original_encoding
# 'latin-1'",24,False,False,False,False,False
1255,Encodings ,"markup
=
b
""<p>I just
\x93
love
\x94
Microsoft Word
\x92
s smart quotes</p>""
UnicodeDammit
(
markup
,
[
""windows-1252""
],
smart_quotes_to
=
""html""
)
.
unicode_markup
# '<p>I just &ldquo;love&rdquo; Microsoft Word&rsquo;s smart quotes</p>'
UnicodeDammit
(
markup
,
[
""windows-1252""
],
smart_quotes_to
=
""xml""
)
.
unicode_markup
# '<p>I just &#x201C;love&#x201D; Microsoft Word&#x2019;s smart quotes</p>'",38,False,False,False,False,False
1256,Encodings ,"UnicodeDammit
(
markup
,
[
""windows-1252""
],
smart_quotes_to
=
""ascii""
)
.
unicode_markup
# '<p>I just ""love"" Microsoft Word\'s smart quotes</p>'",14,False,False,False,False,False
1257,Encodings ,"UnicodeDammit
(
markup
,
[
""windows-1252""
])
.
unicode_markup
# '<p>I just “love” Microsoft Word’s smart quotes</p>'",10,False,False,False,False,False
1258,Encodings ,UnicodeDammit.detwingle(),1,False,False,False,False,False
1259,Encodings ,"snowmen
=
(
u
""
\N{SNOWMAN}
""
*
3
)
quote
=
(
u
""
\N{LEFT DOUBLE QUOTATION MARK}
I like snowmen!
\N{RIGHT DOUBLE QUOTATION MARK}
""
)
doc
=
snowmen
.
encode
(
""utf8""
)
+
quote
.
encode
(
""windows_1252""
)",35,False,False,False,False,False
1260,Encodings ,"print
(
doc
)
# ☃☃☃�I like snowmen!�
print
(
doc
.
decode
(
""windows-1252""
))
# â˜ƒâ˜ƒâ˜ƒ“I like snowmen!”",14,False,False,False,False,False
1261,Encodings ,UnicodeDecodeError,1,False,False,False,False,False
1262,Encodings ,UnicodeDammit.detwingle(),1,False,False,False,False,False
1263,Encodings ,"new_doc
=
UnicodeDammit
.
detwingle
(
doc
)
print
(
new_doc
.
decode
(
""utf8""
))
# ☃☃☃“I like snowmen!”",17,False,False,False,False,False
1264,Encodings ,UnicodeDammit.detwingle(),1,False,False,False,False,False
1265,Encodings ,UnicodeDammit.detwingle(),1,False,False,False,False,False
1266,Encodings ,BeautifulSoup,1,False,False,False,False,False
1267,Encodings ,UnicodeDammit,1,False,False,False,False,False
1268,Encodings ,"â˜ƒâ˜ƒâ˜ƒ“I
like
snowmen!”",3,False,False,False,False,False
1269,Encodings ,UnicodeDammit.detwingle(),1,False,False,False,False,False
1270,Output encoding ,"markup
=
b
'''
<html>
<head>
<meta content=""text/html; charset=ISO-Latin-1"" http-equiv=""Content-type"" />
</head>
<body>
<p>Sacr
\xe9
bleu!</p>
</body>
</html>
'''
soup
=
BeautifulSoup
(
markup
,
'html.parser'
)
print
(
soup
.
prettify
())
# <html>
#  <head>
#   <meta content=""text/html; charset=utf-8"" http-equiv=""Content-type"" />
#  </head>
#  <body>
#   <p>
#    Sacré bleu!
#   </p>
#  </body>
# </html>",39,False,False,False,False,False
1271,Output encoding ,prettify(),1,False,False,False,False,False
1272,Output encoding ,"print
(
soup
.
prettify
(
""latin-1""
))
# <html>
#  <head>
#   <meta content=""text/html; charset=latin-1"" http-equiv=""Content-type"" />
# ...",12,False,False,False,False,False
1273,Output encoding ,BeautifulSoup,1,False,False,False,False,False
1274,Output encoding ,"soup
.
p
.
encode
(
""latin-1""
)
# b'<p>Sacr\xe9 bleu!</p>'
soup
.
p
.
encode
(
""utf-8""
)
# b'<p>Sacr\xc3\xa9 bleu!</p>'",18,False,False,False,False,False
1275,Output encoding ,"markup
=
u
""<b>
\N{SNOWMAN}
</b>""
snowman_soup
=
BeautifulSoup
(
markup
,
'html.parser'
)
tag
=
snowman_soup
.
b",19,False,False,False,False,False
1276,Output encoding ,"print
(
tag
.
encode
(
""utf-8""
))
# b'<b>\xe2\x98\x83</b>'
print
(
tag
.
encode
(
""latin-1""
))
# b'<b>&#9731;</b>'
print
(
tag
.
encode
(
""ascii""
))
# b'<b>&#9731;</b>'",27,False,False,False,False,False
1277,"Unicode, Dammit ","from
bs4
import
UnicodeDammit
dammit
=
UnicodeDammit
(
b
""
\xc2\xab
Sacr
\xc3\xa9
bleu!
\xc2\xbb
""
)
print
(
dammit
.
unicode_markup
)
# «Sacré bleu!»
dammit
.
original_encoding
# 'utf-8'",28,False,False,False,False,False
1278,"Unicode, Dammit ",charset-normalizer,1,False,False,False,False,False
1279,"Unicode, Dammit ",chardet,1,False,False,False,False,False
1280,"Unicode, Dammit ",cchardet,1,False,False,False,False,False
1281,"Unicode, Dammit ","dammit
=
UnicodeDammit
(
""Sacr
\xe9
bleu!""
,
[
""latin-1""
,
""iso-8859-1""
])
print
(
dammit
.
unicode_markup
)
# Sacré bleu!
dammit
.
original_encoding
# 'latin-1'",24,False,False,False,False,False
1282,"Unicode, Dammit ","markup
=
b
""<p>I just
\x93
love
\x94
Microsoft Word
\x92
s smart quotes</p>""
UnicodeDammit
(
markup
,
[
""windows-1252""
],
smart_quotes_to
=
""html""
)
.
unicode_markup
# '<p>I just &ldquo;love&rdquo; Microsoft Word&rsquo;s smart quotes</p>'
UnicodeDammit
(
markup
,
[
""windows-1252""
],
smart_quotes_to
=
""xml""
)
.
unicode_markup
# '<p>I just &#x201C;love&#x201D; Microsoft Word&#x2019;s smart quotes</p>'",38,False,False,False,False,False
1283,"Unicode, Dammit ","UnicodeDammit
(
markup
,
[
""windows-1252""
],
smart_quotes_to
=
""ascii""
)
.
unicode_markup
# '<p>I just ""love"" Microsoft Word\'s smart quotes</p>'",14,False,False,False,False,False
1284,"Unicode, Dammit ","UnicodeDammit
(
markup
,
[
""windows-1252""
])
.
unicode_markup
# '<p>I just “love” Microsoft Word’s smart quotes</p>'",10,False,False,False,False,False
1285,"Unicode, Dammit ",UnicodeDammit.detwingle(),1,False,False,False,False,False
1286,"Unicode, Dammit ","snowmen
=
(
u
""
\N{SNOWMAN}
""
*
3
)
quote
=
(
u
""
\N{LEFT DOUBLE QUOTATION MARK}
I like snowmen!
\N{RIGHT DOUBLE QUOTATION MARK}
""
)
doc
=
snowmen
.
encode
(
""utf8""
)
+
quote
.
encode
(
""windows_1252""
)",35,False,False,False,False,False
1287,"Unicode, Dammit ","print
(
doc
)
# ☃☃☃�I like snowmen!�
print
(
doc
.
decode
(
""windows-1252""
))
# â˜ƒâ˜ƒâ˜ƒ“I like snowmen!”",14,False,False,False,False,False
1288,"Unicode, Dammit ",UnicodeDecodeError,1,False,False,False,False,False
1289,"Unicode, Dammit ",UnicodeDammit.detwingle(),1,False,False,False,False,False
1290,"Unicode, Dammit ","new_doc
=
UnicodeDammit
.
detwingle
(
doc
)
print
(
new_doc
.
decode
(
""utf8""
))
# ☃☃☃“I like snowmen!”",17,False,False,False,False,False
1291,"Unicode, Dammit ",UnicodeDammit.detwingle(),1,False,False,False,False,False
1292,"Unicode, Dammit ",UnicodeDammit.detwingle(),1,False,False,False,False,False
1293,"Unicode, Dammit ",BeautifulSoup,1,False,False,False,False,False
1294,"Unicode, Dammit ",UnicodeDammit,1,False,False,False,False,False
1295,"Unicode, Dammit ","â˜ƒâ˜ƒâ˜ƒ“I
like
snowmen!”",3,False,False,False,False,False
1296,"Unicode, Dammit ",UnicodeDammit.detwingle(),1,False,False,False,False,False
1297,Smart quotes ,"markup
=
b
""<p>I just
\x93
love
\x94
Microsoft Word
\x92
s smart quotes</p>""
UnicodeDammit
(
markup
,
[
""windows-1252""
],
smart_quotes_to
=
""html""
)
.
unicode_markup
# '<p>I just &ldquo;love&rdquo; Microsoft Word&rsquo;s smart quotes</p>'
UnicodeDammit
(
markup
,
[
""windows-1252""
],
smart_quotes_to
=
""xml""
)
.
unicode_markup
# '<p>I just &#x201C;love&#x201D; Microsoft Word&#x2019;s smart quotes</p>'",38,False,False,False,False,False
1298,Smart quotes ,"UnicodeDammit
(
markup
,
[
""windows-1252""
],
smart_quotes_to
=
""ascii""
)
.
unicode_markup
# '<p>I just ""love"" Microsoft Word\'s smart quotes</p>'",14,False,False,False,False,False
1299,Smart quotes ,"UnicodeDammit
(
markup
,
[
""windows-1252""
])
.
unicode_markup
# '<p>I just “love” Microsoft Word’s smart quotes</p>'",10,False,False,False,False,False
1300,Inconsistent encodings ,UnicodeDammit.detwingle(),1,False,False,False,False,False
1301,Inconsistent encodings ,"snowmen
=
(
u
""
\N{SNOWMAN}
""
*
3
)
quote
=
(
u
""
\N{LEFT DOUBLE QUOTATION MARK}
I like snowmen!
\N{RIGHT DOUBLE QUOTATION MARK}
""
)
doc
=
snowmen
.
encode
(
""utf8""
)
+
quote
.
encode
(
""windows_1252""
)",35,False,False,False,False,False
1302,Inconsistent encodings ,"print
(
doc
)
# ☃☃☃�I like snowmen!�
print
(
doc
.
decode
(
""windows-1252""
))
# â˜ƒâ˜ƒâ˜ƒ“I like snowmen!”",14,False,False,False,False,False
1303,Inconsistent encodings ,UnicodeDecodeError,1,False,False,False,False,False
1304,Inconsistent encodings ,UnicodeDammit.detwingle(),1,False,False,False,False,False
1305,Inconsistent encodings ,"new_doc
=
UnicodeDammit
.
detwingle
(
doc
)
print
(
new_doc
.
decode
(
""utf8""
))
# ☃☃☃“I like snowmen!”",17,False,False,False,False,False
1306,Inconsistent encodings ,UnicodeDammit.detwingle(),1,False,False,False,False,False
1307,Inconsistent encodings ,UnicodeDammit.detwingle(),1,False,False,False,False,False
1308,Inconsistent encodings ,BeautifulSoup,1,False,False,False,False,False
1309,Inconsistent encodings ,UnicodeDammit,1,False,False,False,False,False
1310,Inconsistent encodings ,"â˜ƒâ˜ƒâ˜ƒ“I
like
snowmen!”",3,False,False,False,False,False
1311,Inconsistent encodings ,UnicodeDammit.detwingle(),1,False,False,False,False,False
1312,Line numbers ,html.parser,1,False,False,False,False,False
1313,Line numbers ,html5lib,1,False,False,False,False,False
1314,Line numbers ,Tag,1,False,False,False,False,False
1315,Line numbers ,Tag.sourceline,1,False,False,False,False,False
1316,Line numbers ,Tag.sourcepos,1,False,False,False,False,False
1317,Line numbers ,sourcepos,1,False,False,False,False,False
1318,Line numbers ,sourcepos,1,False,False,False,False,False
1319,Line numbers ,"markup
=
'<p class=""1""
\n
>Paragraph 1</p>
\n
<p class=""2"">Paragraph 2</p>'
print
(
markup
)
# Line 1: <p class=""1""
# Line 2: >Paragraph 1</p>
# Line 3:     <p class=""2"">Paragraph 2</p>
soup
=
BeautifulSoup
(
markup
,
'html.parser'
)
for
tag
in
soup
.
find_all
(
'p'
):
print
(
repr
((
tag
.
sourceline
,
tag
.
sourcepos
,
tag
.
string
)))
# (1, 0, 'Paragraph 1') # The < just before p class=""1""
# (3, 4, 'Paragraph 2') # The < just before p class=""2""",49,True,False,False,False,False
1320,Line numbers ,sourcepos,1,False,False,False,False,False
1321,Line numbers ,"print
(
markup
)
# Line 1: <p class=""1""
# Line 2: >Paragraph 1</p>
# Line 3:     <p class=""2"">Paragraph 2</p>
soup
=
BeautifulSoup
(
markup
,
'html5lib'
)
for
tag
in
soup
.
find_all
(
'p'
):
print
(
repr
((
tag
.
sourceline
,
tag
.
sourcepos
,
tag
.
string
)))
# (2, 0, 'Paragraph 1') # The > just before Paragraph 1
# (3, 16, 'Paragraph 2') # The > just before Paragraph 2",42,True,False,False,False,False
1322,Line numbers ,store_line_numbers=False,1,False,False,False,False,False
1323,Line numbers ,BeautifulSoup,1,False,False,False,False,False
1324,Line numbers ,"markup
=
""<p
\n
>Paragraph 1</p>
\n
<p>Paragraph 2</p>""
soup
=
BeautifulSoup
(
markup
,
'html.parser'
,
store_line_numbers
=
False
)
print
(
soup
.
p
.
sourceline
)
# None",28,False,False,False,False,False
1325,Comparing objects for equality ,NavigableString,1,False,False,False,False,False
1326,Comparing objects for equality ,Tag,1,False,False,False,False,False
1327,Comparing objects for equality ,"markup
=
""<p>I want <b>pizza</b> and more <b>pizza</b>!</p>""
soup
=
BeautifulSoup
(
markup
,
'html.parser'
)
first_b
,
second_b
=
soup
.
find_all
(
'b'
)
print
(
first_b
==
second_b
)
# True
print
(
first_b
.
previous_element
==
second_b
.
previous_element
)
# False",39,True,False,False,False,False
1328,Comparing objects for equality ,"print
(
first_b
is
second_b
)
# False",7,False,False,False,False,False
1329,Copying Beautiful Soup objects ,copy.copy(),1,False,False,False,False,False
1330,Copying Beautiful Soup objects ,Tag,1,False,False,False,False,False
1331,Copying Beautiful Soup objects ,NavigableString,1,False,False,False,False,False
1332,Copying Beautiful Soup objects ,"import
copy
p_copy
=
copy
.
copy
(
soup
.
p
)
print
(
p_copy
)
# <p>I want <b>pizza</b> and more <b>pizza</b>!</p>",17,False,False,False,False,False
1333,Copying Beautiful Soup objects ,"print
(
soup
.
p
==
p_copy
)
# True
print
(
soup
.
p
is
p_copy
)
# False",18,False,False,False,False,False
1334,Copying Beautiful Soup objects ,extract(),1,False,False,False,False,False
1335,Copying Beautiful Soup objects ,Tag,1,False,False,False,False,False
1336,Copying Beautiful Soup objects ,"print
(
p_copy
.
parent
)
# None",7,False,False,False,False,False
1337,Copying Beautiful Soup objects ,Tag.copy_self(),1,False,False,False,False,False
1338,Copying Beautiful Soup objects ,Tag,1,False,False,False,False,False
1339,Copying Beautiful Soup objects ,"original
=
BeautifulSoup
(
'<a id=""a_tag"" class=""link"">the <i>link</i></a>'
,
'html.parser'
)
print
(
original
.
a
)
# <a class=""link"" id=""a_tag"">the <i>link</a>
print
(
original
.
a
.
copy_self
())
# <a class=""link"" id=""a_tag""></a>",24,False,False,False,False,False
1340,Low-level search interface ,find_all(),1,True,False,False,False,False
1341,Low-level search interface ,ElementFilter,1,False,False,False,False,False
1342,Low-level search interface ,PageElement,1,False,False,False,False,False
1343,Low-level search interface ,Tag,1,False,False,False,False,False
1344,Low-level search interface ,NavigableString,1,False,False,False,False,False
1345,Low-level search interface ,True,1,False,False,False,False,False
1346,Low-level search interface ,False,1,False,False,False,False,False
1347,Low-level search interface ,"from
bs4
import
Tag
,
NavigableString
def
non_whitespace_element_func
(
tag_or_string
):
""""""
return True for:
* all Tag objects
* NavigableString objects that contain non-whitespace text
""""""
return
(
isinstance
(
tag_or_string
,
Tag
)
or
(
isinstance
(
tag_or_string
,
NavigableString
)
and
tag_or_string
.
strip
()
!=
""""
))",40,False,False,False,False,False
1348,Low-level search interface ,ElementFilter,1,False,False,False,False,False
1349,Low-level search interface ,"from
bs4.filter
import
ElementFilter
non_whitespace_filter
=
ElementFilter
(
non_whitespace_element_func
)",10,False,False,False,False,False
1350,Low-level search interface ,ElementFilter,1,False,False,False,False,False
1351,Low-level search interface ,"from
bs4
import
BeautifulSoup
small_doc
=
""""""
<p>
<b>bold</b>
<i>italic</i>
and
<u>underline</u>
</p>
""""""
soup
=
BeautifulSoup
(
small_doc
,
'html.parser'
)
soup
.
find
(
'p'
)
.
find_all
(
non_whitespace_filter
,
recursive
=
False
)
# [<b>bold</b>, <i>italic</i>, '\n  and\n  ', <u>underline</u>]
soup
.
find
(
""b""
)
.
find_next
(
non_whitespace_filter
)
# 'bold'
soup
.
find
(
""i""
)
.
find_next_siblings
(
non_whitespace_filter
)
# ['\n  and\n  ', <u>underline</u>]",62,True,False,False,False,False
1352,Low-level search interface ,PageElement,1,False,False,False,False,False
1353,Low-level search interface ,True,1,False,False,False,False,False
1354,Low-level search interface ,name,1,False,False,False,False,False
1355,Low-level search interface ,Tag,1,False,False,False,False,False
1356,Low-level search interface ,string,1,False,False,False,False,False
1357,Low-level search interface ,NavigableString,1,False,False,False,False,False
1358,Low-level search interface ,ElementFilter,1,False,False,False,False,False
1359,Low-level search interface ,Tag,1,False,False,False,False,False
1360,Low-level search interface ,NavigableString,1,False,False,False,False,False
1361,Low-level search interface ,ElementFilter,1,False,False,False,False,False
1362,Low-level search interface ,ElementFilter.filter(),1,False,False,False,False,False
1363,Low-level search interface ,ElementFilter.filter(),1,False,False,False,False,False
1364,Low-level search interface ,PageElement,1,False,False,False,False,False
1365,Low-level search interface ,PageElement,1,False,False,False,False,False
1366,Low-level search interface ,BeautifulSoup,1,False,False,False,False,False
1367,Low-level search interface ,"import
random
def
random_walk
(
starting_location
):
location
=
starting_location
while
location
is
not
None
:
yield
location
if
random
.
random
()
<
0.5
:
location
=
location
.
next_element
else
:
location
=
location
.
previous_element
if
location
is
None
:
return",44,False,False,False,False,False
1368,Low-level search interface ,ElementFilter.filter(),1,False,False,False,False,False
1369,Low-level search interface ,non_whitespace_filter,1,False,False,False,False,False
1370,Low-level search interface ,"[
x
for
x
in
non_whitespace_filter
.
filter
(
random_walk
(
soup
.
b
))]
# [<b>bold</b>, 'bold', <b>bold</b>, <p><b>bold</b>...]
[
x
for
x
in
non_whitespace_filter
.
filter
(
random_walk
(
soup
.
b
))]
# [<b>bold</b>, <b>bold</b>, 'bold', <i>italic</i>, <i>italic</i>, ...]",32,False,False,False,False,False
1371,Custom element filtering ,ElementFilter,1,False,False,False,False,False
1372,Custom element filtering ,PageElement,1,False,False,False,False,False
1373,Custom element filtering ,Tag,1,False,False,False,False,False
1374,Custom element filtering ,NavigableString,1,False,False,False,False,False
1375,Custom element filtering ,True,1,False,False,False,False,False
1376,Custom element filtering ,False,1,False,False,False,False,False
1377,Custom element filtering ,"from
bs4
import
Tag
,
NavigableString
def
non_whitespace_element_func
(
tag_or_string
):
""""""
return True for:
* all Tag objects
* NavigableString objects that contain non-whitespace text
""""""
return
(
isinstance
(
tag_or_string
,
Tag
)
or
(
isinstance
(
tag_or_string
,
NavigableString
)
and
tag_or_string
.
strip
()
!=
""""
))",40,False,False,False,False,False
1378,Custom element filtering ,ElementFilter,1,False,False,False,False,False
1379,Custom element filtering ,"from
bs4.filter
import
ElementFilter
non_whitespace_filter
=
ElementFilter
(
non_whitespace_element_func
)",10,False,False,False,False,False
1380,Custom element filtering ,ElementFilter,1,False,False,False,False,False
1381,Custom element filtering ,"from
bs4
import
BeautifulSoup
small_doc
=
""""""
<p>
<b>bold</b>
<i>italic</i>
and
<u>underline</u>
</p>
""""""
soup
=
BeautifulSoup
(
small_doc
,
'html.parser'
)
soup
.
find
(
'p'
)
.
find_all
(
non_whitespace_filter
,
recursive
=
False
)
# [<b>bold</b>, <i>italic</i>, '\n  and\n  ', <u>underline</u>]
soup
.
find
(
""b""
)
.
find_next
(
non_whitespace_filter
)
# 'bold'
soup
.
find
(
""i""
)
.
find_next_siblings
(
non_whitespace_filter
)
# ['\n  and\n  ', <u>underline</u>]",62,True,False,False,False,False
1382,Custom element filtering ,PageElement,1,False,False,False,False,False
1383,Custom element filtering ,True,1,False,False,False,False,False
1384,Custom element filtering ,name,1,False,False,False,False,False
1385,Custom element filtering ,Tag,1,False,False,False,False,False
1386,Custom element filtering ,string,1,False,False,False,False,False
1387,Custom element filtering ,NavigableString,1,False,False,False,False,False
1388,Custom element filtering ,ElementFilter,1,False,False,False,False,False
1389,Custom element filtering ,Tag,1,False,False,False,False,False
1390,Custom element filtering ,NavigableString,1,False,False,False,False,False
1391,Custom element filtering ,ElementFilter,1,False,False,False,False,False
1392,Custom element filtering ,ElementFilter.filter(),1,False,False,False,False,False
1393,Custom element filtering ,ElementFilter.filter(),1,False,False,False,False,False
1394,Custom element filtering ,PageElement,1,False,False,False,False,False
1395,Custom element filtering ,PageElement,1,False,False,False,False,False
1396,Custom element filtering ,BeautifulSoup,1,False,False,False,False,False
1397,Custom element filtering ,"import
random
def
random_walk
(
starting_location
):
location
=
starting_location
while
location
is
not
None
:
yield
location
if
random
.
random
()
<
0.5
:
location
=
location
.
next_element
else
:
location
=
location
.
previous_element
if
location
is
None
:
return",44,False,False,False,False,False
1398,Custom element filtering ,ElementFilter.filter(),1,False,False,False,False,False
1399,Custom element filtering ,non_whitespace_filter,1,False,False,False,False,False
1400,Custom element filtering ,"[
x
for
x
in
non_whitespace_filter
.
filter
(
random_walk
(
soup
.
b
))]
# [<b>bold</b>, 'bold', <b>bold</b>, <p><b>bold</b>...]
[
x
for
x
in
non_whitespace_filter
.
filter
(
random_walk
(
soup
.
b
))]
# [<b>bold</b>, <b>bold</b>, 'bold', <i>italic</i>, <i>italic</i>, ...]",32,False,False,False,False,False
1401,Custom element iteration ,ElementFilter,1,False,False,False,False,False
1402,Custom element iteration ,ElementFilter.filter(),1,False,False,False,False,False
1403,Custom element iteration ,ElementFilter.filter(),1,False,False,False,False,False
1404,Custom element iteration ,PageElement,1,False,False,False,False,False
1405,Custom element iteration ,PageElement,1,False,False,False,False,False
1406,Custom element iteration ,BeautifulSoup,1,False,False,False,False,False
1407,Custom element iteration ,"import
random
def
random_walk
(
starting_location
):
location
=
starting_location
while
location
is
not
None
:
yield
location
if
random
.
random
()
<
0.5
:
location
=
location
.
next_element
else
:
location
=
location
.
previous_element
if
location
is
None
:
return",44,False,False,False,False,False
1408,Custom element iteration ,ElementFilter.filter(),1,False,False,False,False,False
1409,Custom element iteration ,non_whitespace_filter,1,False,False,False,False,False
1410,Custom element iteration ,"[
x
for
x
in
non_whitespace_filter
.
filter
(
random_walk
(
soup
.
b
))]
# [<b>bold</b>, 'bold', <b>bold</b>, <p><b>bold</b>...]
[
x
for
x
in
non_whitespace_filter
.
filter
(
random_walk
(
soup
.
b
))]
# [<b>bold</b>, <b>bold</b>, 'bold', <i>italic</i>, <i>italic</i>, ...]",32,False,False,False,False,False
1411,Advanced parser customization ,SoupStrainer,1,False,False,False,False,False
1412,Advanced parser customization ,SoupStrainer,1,False,False,False,False,False
1413,Advanced parser customization ,BeautifulSoup,1,False,False,False,False,False
1414,Advanced parser customization ,parse_only,1,False,False,False,False,False
1415,Advanced parser customization ,SoupStrainer,1,False,False,False,False,False
1416,Advanced parser customization ,SoupStrainer,1,False,False,False,False,False
1417,Advanced parser customization ,"from
bs4
import
SoupStrainer
only_a_tags
=
SoupStrainer
(
""a""
)
only_tags_with_id_link2
=
SoupStrainer
(
id
=
""link2""
)
def
is_short_string
(
string
):
return
string
is
not
None
and
len
(
string
)
<
10
only_short_strings
=
SoupStrainer
(
string
=
is_short_string
)",43,False,False,False,False,False
1418,Advanced parser customization ,SoupStrainer,1,False,False,False,False,False
1419,Advanced parser customization ,"html_doc
=
""""""<html><head><title>The Dormouse's story</title></head>
<body>
<p class=""title""><b>The Dormouse's story</b></p>
<p class=""story"">Once upon a time there were three little sisters; and their names were
<a href=""http://example.com/elsie"" class=""sister"" id=""link1"">Elsie</a>,
<a href=""http://example.com/lacie"" class=""sister"" id=""link2"">Lacie</a> and
<a href=""http://example.com/tillie"" class=""sister"" id=""link3"">Tillie</a>;
and they lived at the bottom of a well.</p>
<p class=""story"">...</p>
""""""
print
(
BeautifulSoup
(
html_doc
,
""html.parser""
,
parse_only
=
only_a_tags
)
.
prettify
())
# <a class=""sister"" href=""http://example.com/elsie"" id=""link1"">
#  Elsie
# </a>
# <a class=""sister"" href=""http://example.com/lacie"" id=""link2"">
#  Lacie
# </a>
# <a class=""sister"" href=""http://example.com/tillie"" id=""link3"">
#  Tillie
# </a>
print
(
BeautifulSoup
(
html_doc
,
""html.parser""
,
parse_only
=
only_tags_with_id_link2
)
.
prettify
())
# <a class=""sister"" href=""http://example.com/lacie"" id=""link2"">
#  Lacie
# </a>
print
(
BeautifulSoup
(
html_doc
,
""html.parser""
,
parse_only
=
only_short_strings
)
.
prettify
())
# Elsie
# ,
# Lacie
# and
# Tillie
# ...
#",76,False,False,False,False,False
1420,Advanced parser customization ,SoupStrainer,1,False,False,False,False,False
1421,Advanced parser customization ,SoupStrainer,1,False,False,False,False,False
1422,Advanced parser customization ,SoupStrainer,1,False,False,False,False,False
1423,Advanced parser customization ,SoupStrainer,1,False,False,False,False,False
1424,Advanced parser customization ,SoupStrainer,1,False,False,False,False,False
1425,Advanced parser customization ,Tag,1,False,False,False,False,False
1426,Advanced parser customization ,class,1,False,False,False,False,False
1427,Advanced parser customization ,class,1,False,False,False,False,False
1428,Advanced parser customization ,id,1,False,False,False,False,False
1429,Advanced parser customization ,"markup
=
'<a class=""cls1 cls2"" id=""id1 id2"">'
soup
=
BeautifulSoup
(
markup
,
'html.parser'
)
soup
.
a
[
'class'
]
# ['cls1', 'cls2']
soup
.
a
[
'id'
]
# 'id1 id2'",25,False,False,False,False,False
1430,Advanced parser customization ,multi_valued_attributes=None,1,False,False,False,False,False
1431,Advanced parser customization ,"soup
=
BeautifulSoup
(
markup
,
'html.parser'
,
multi_valued_attributes
=
None
)
soup
.
a
[
'class'
]
# 'cls1 cls2'
soup
.
a
[
'id'
]
# 'id1 id2'",26,False,False,False,False,False
1432,Advanced parser customization ,multi_valued_attributes,1,False,False,False,False,False
1433,Advanced parser customization ,HTMLTreeBuilder.DEFAULT_CDATA_LIST_ATTRIBUTES,1,False,False,False,False,False
1434,Advanced parser customization ,html.parser,1,False,False,False,False,False
1435,Advanced parser customization ,on_duplicate_attribute,1,False,False,False,False,False
1436,Advanced parser customization ,"markup
=
'<a href=""http://url1/"" href=""http://url2/"">'",3,False,False,False,False,False
1437,Advanced parser customization ,"soup
=
BeautifulSoup
(
markup
,
'html.parser'
)
soup
.
a
[
'href'
]
# http://url2/
soup
=
BeautifulSoup
(
markup
,
'html.parser'
,
on_duplicate_attribute
=
'replace'
)
soup
.
a
[
'href'
]
# http://url2/",34,False,False,False,False,False
1438,Advanced parser customization ,on_duplicate_attribute='ignore',1,False,False,False,False,False
1439,Advanced parser customization ,"soup
=
BeautifulSoup
(
markup
,
'html.parser'
,
on_duplicate_attribute
=
'ignore'
)
soup
.
a
[
'href'
]
# http://url1/",19,False,False,False,False,False
1440,Advanced parser customization ,"def
accumulate
(
attributes_so_far
,
key
,
value
):
if
not
isinstance
(
attributes_so_far
[
key
],
list
):
attributes_so_far
[
key
]
=
[
attributes_so_far
[
key
]]
attributes_so_far
[
key
]
.
append
(
value
)
soup
=
BeautifulSoup
(
markup
,
'html.parser'
,
on_duplicate_attribute
=
accumulate
)
soup
.
a
[
'href'
]
# [""http://url1/"", ""http://url2/""]",57,False,False,False,False,False
1441,Advanced parser customization ,Tag,1,False,False,False,False,False
1442,Advanced parser customization ,NavigableString,1,False,False,False,False,False
1443,Advanced parser customization ,Tag,1,False,False,False,False,False
1444,Advanced parser customization ,NavigableString,1,False,False,False,False,False
1445,Advanced parser customization ,"from
bs4
import
Tag
,
NavigableString
class
MyTag
(
Tag
):
pass
class
MyString
(
NavigableString
):
pass
markup
=
""<div>some text</div>""
soup
=
BeautifulSoup
(
markup
,
'html.parser'
)
isinstance
(
soup
.
div
,
MyTag
)
# False
isinstance
(
soup
.
div
.
string
,
MyString
)
# False
my_classes
=
{
Tag
:
MyTag
,
NavigableString
:
MyString
}
soup
=
BeautifulSoup
(
markup
,
'html.parser'
,
element_classes
=
my_classes
)
isinstance
(
soup
.
div
,
MyTag
)
# True
isinstance
(
soup
.
div
.
string
,
MyString
)
# True",92,False,False,False,False,False
1446,Parsing only part of a document ,SoupStrainer,1,False,False,False,False,False
1447,Parsing only part of a document ,SoupStrainer,1,False,False,False,False,False
1448,Parsing only part of a document ,BeautifulSoup,1,False,False,False,False,False
1449,Parsing only part of a document ,parse_only,1,False,False,False,False,False
1450,Parsing only part of a document ,SoupStrainer,1,False,False,False,False,False
1451,Parsing only part of a document ,SoupStrainer,1,False,False,False,False,False
1452,Parsing only part of a document ,"from
bs4
import
SoupStrainer
only_a_tags
=
SoupStrainer
(
""a""
)
only_tags_with_id_link2
=
SoupStrainer
(
id
=
""link2""
)
def
is_short_string
(
string
):
return
string
is
not
None
and
len
(
string
)
<
10
only_short_strings
=
SoupStrainer
(
string
=
is_short_string
)",43,False,False,False,False,False
1453,Parsing only part of a document ,SoupStrainer,1,False,False,False,False,False
1454,Parsing only part of a document ,"html_doc
=
""""""<html><head><title>The Dormouse's story</title></head>
<body>
<p class=""title""><b>The Dormouse's story</b></p>
<p class=""story"">Once upon a time there were three little sisters; and their names were
<a href=""http://example.com/elsie"" class=""sister"" id=""link1"">Elsie</a>,
<a href=""http://example.com/lacie"" class=""sister"" id=""link2"">Lacie</a> and
<a href=""http://example.com/tillie"" class=""sister"" id=""link3"">Tillie</a>;
and they lived at the bottom of a well.</p>
<p class=""story"">...</p>
""""""
print
(
BeautifulSoup
(
html_doc
,
""html.parser""
,
parse_only
=
only_a_tags
)
.
prettify
())
# <a class=""sister"" href=""http://example.com/elsie"" id=""link1"">
#  Elsie
# </a>
# <a class=""sister"" href=""http://example.com/lacie"" id=""link2"">
#  Lacie
# </a>
# <a class=""sister"" href=""http://example.com/tillie"" id=""link3"">
#  Tillie
# </a>
print
(
BeautifulSoup
(
html_doc
,
""html.parser""
,
parse_only
=
only_tags_with_id_link2
)
.
prettify
())
# <a class=""sister"" href=""http://example.com/lacie"" id=""link2"">
#  Lacie
# </a>
print
(
BeautifulSoup
(
html_doc
,
""html.parser""
,
parse_only
=
only_short_strings
)
.
prettify
())
# Elsie
# ,
# Lacie
# and
# Tillie
# ...
#",76,False,False,False,False,False
1455,Parsing only part of a document ,SoupStrainer,1,False,False,False,False,False
1456,Parsing only part of a document ,SoupStrainer,1,False,False,False,False,False
1457,Parsing only part of a document ,SoupStrainer,1,False,False,False,False,False
1458,Parsing only part of a document ,SoupStrainer,1,False,False,False,False,False
1459,Parsing only part of a document ,SoupStrainer,1,False,False,False,False,False
1460,Parsing only part of a document ,Tag,1,False,False,False,False,False
1461,Parsing only part of a document ,class,1,False,False,False,False,False
1462,Customizing multi-valued attributes ,class,1,False,False,False,False,False
1463,Customizing multi-valued attributes ,id,1,False,False,False,False,False
1464,Customizing multi-valued attributes ,"markup
=
'<a class=""cls1 cls2"" id=""id1 id2"">'
soup
=
BeautifulSoup
(
markup
,
'html.parser'
)
soup
.
a
[
'class'
]
# ['cls1', 'cls2']
soup
.
a
[
'id'
]
# 'id1 id2'",25,False,False,False,False,False
1465,Customizing multi-valued attributes ,multi_valued_attributes=None,1,False,False,False,False,False
1466,Customizing multi-valued attributes ,"soup
=
BeautifulSoup
(
markup
,
'html.parser'
,
multi_valued_attributes
=
None
)
soup
.
a
[
'class'
]
# 'cls1 cls2'
soup
.
a
[
'id'
]
# 'id1 id2'",26,False,False,False,False,False
1467,Customizing multi-valued attributes ,multi_valued_attributes,1,False,False,False,False,False
1468,Customizing multi-valued attributes ,HTMLTreeBuilder.DEFAULT_CDATA_LIST_ATTRIBUTES,1,False,False,False,False,False
1469,Handling duplicate attributes ,html.parser,1,False,False,False,False,False
1470,Handling duplicate attributes ,on_duplicate_attribute,1,False,False,False,False,False
1471,Handling duplicate attributes ,"markup
=
'<a href=""http://url1/"" href=""http://url2/"">'",3,False,False,False,False,False
1472,Handling duplicate attributes ,"soup
=
BeautifulSoup
(
markup
,
'html.parser'
)
soup
.
a
[
'href'
]
# http://url2/
soup
=
BeautifulSoup
(
markup
,
'html.parser'
,
on_duplicate_attribute
=
'replace'
)
soup
.
a
[
'href'
]
# http://url2/",34,False,False,False,False,False
1473,Handling duplicate attributes ,on_duplicate_attribute='ignore',1,False,False,False,False,False
1474,Handling duplicate attributes ,"soup
=
BeautifulSoup
(
markup
,
'html.parser'
,
on_duplicate_attribute
=
'ignore'
)
soup
.
a
[
'href'
]
# http://url1/",19,False,False,False,False,False
1475,Handling duplicate attributes ,"def
accumulate
(
attributes_so_far
,
key
,
value
):
if
not
isinstance
(
attributes_so_far
[
key
],
list
):
attributes_so_far
[
key
]
=
[
attributes_so_far
[
key
]]
attributes_so_far
[
key
]
.
append
(
value
)
soup
=
BeautifulSoup
(
markup
,
'html.parser'
,
on_duplicate_attribute
=
accumulate
)
soup
.
a
[
'href'
]
# [""http://url1/"", ""http://url2/""]",57,False,False,False,False,False
1476,Instantiating custom subclasses ,Tag,1,False,False,False,False,False
1477,Instantiating custom subclasses ,NavigableString,1,False,False,False,False,False
1478,Instantiating custom subclasses ,Tag,1,False,False,False,False,False
1479,Instantiating custom subclasses ,NavigableString,1,False,False,False,False,False
1480,Instantiating custom subclasses ,"from
bs4
import
Tag
,
NavigableString
class
MyTag
(
Tag
):
pass
class
MyString
(
NavigableString
):
pass
markup
=
""<div>some text</div>""
soup
=
BeautifulSoup
(
markup
,
'html.parser'
)
isinstance
(
soup
.
div
,
MyTag
)
# False
isinstance
(
soup
.
div
.
string
,
MyString
)
# False
my_classes
=
{
Tag
:
MyTag
,
NavigableString
:
MyString
}
soup
=
BeautifulSoup
(
markup
,
'html.parser'
,
element_classes
=
my_classes
)
isinstance
(
soup
.
div
,
MyTag
)
# True
isinstance
(
soup
.
div
.
string
,
MyString
)
# True",92,False,False,False,False,False
1481,Troubleshooting ,diagnose(),1,False,False,False,False,False
1482,Troubleshooting ,diagnose(),1,False,False,False,False,False
1483,Troubleshooting ,"from
bs4.diagnose
import
diagnose
with
open
(
""bad.html""
)
as
fp
:
data
=
fp
.
read
()
diagnose
(
data
)
# Diagnostic running on Beautiful Soup 4.2.0
# Python version 2.7.3 (default, Aug  1 2012, 05:16:07)
# I noticed that html5lib is not installed. Installing it may help.
# Found lxml version 2.3.2.0
#
# Trying to parse your data with html.parser
# Here's what html.parser did with the document:
# ...",30,False,False,False,False,False
1484,Troubleshooting ,diagnose(),1,False,False,False,False,False
1485,Troubleshooting ,HTMLParser.HTMLParseError,1,False,False,False,False,False
1486,Troubleshooting ,BeautifulSoup,1,False,False,False,False,False
1487,Troubleshooting ,"SyntaxError:
Invalid
syntax",3,False,False,False,False,False
1488,Troubleshooting ,"ROOT_TAG_NAME
=
'[document]'",3,False,False,False,False,False
1489,Troubleshooting ,"ImportError:
No
module
named
HTMLParser",5,False,False,False,False,False
1490,Troubleshooting ,"ImportError:
No
module
named
html.parser",5,False,False,False,False,False
1491,Troubleshooting ,"ImportError:
No
module
named
BeautifulSoup",5,False,False,False,False,False
1492,Troubleshooting ,bs4,1,False,False,False,False,False
1493,Troubleshooting ,"ImportError:
No
module
named
bs4",5,False,False,False,False,False
1494,Troubleshooting ,BeautifulSoup,1,False,False,False,False,False
1495,Troubleshooting ,"soup
=
BeautifulSoup
(
markup
,
""xml""
)",8,False,False,False,False,False
1496,Troubleshooting ,BeautifulSoup,1,False,False,False,False,False
1497,Troubleshooting ,"UnicodeEncodeError:
'charmap'
codec
can't
encode
character
'\xfoo'
in
position
bar",10,False,False,False,False,False
1498,Troubleshooting ,UnicodeEncodeError,1,False,False,False,False,False
1499,Troubleshooting ,"u.encode(""utf8"")",1,False,False,False,False,False
1500,Troubleshooting ,"KeyError:
[attr]",2,False,False,False,False,False
1501,Troubleshooting ,tag['attr'],1,False,False,False,False,False
1502,Troubleshooting ,attr,1,False,False,False,False,False
1503,Troubleshooting ,"KeyError:
'href'",2,False,False,False,False,False
1504,Troubleshooting ,"KeyError:
'class'",2,False,False,False,False,False
1505,Troubleshooting ,tag.get('attr'),1,False,False,False,False,False
1506,Troubleshooting ,attr,1,False,False,False,False,False
1507,Troubleshooting ,"AttributeError:
'ResultSet'
object
has
no
attribute
'foo'",7,False,False,False,False,False
1508,Troubleshooting ,find_all(),1,True,False,False,False,False
1509,Troubleshooting ,find_all(),1,True,False,False,False,False
1510,Troubleshooting ,ResultSet,1,False,False,False,False,False
1511,Troubleshooting ,.foo,1,False,False,False,False,False
1512,Troubleshooting ,find(),1,False,True,False,False,False
1513,Troubleshooting ,find_all(),1,True,False,False,False,False
1514,Troubleshooting ,"AttributeError:
'NoneType'
object
has
no
attribute
'foo'",7,False,False,False,False,False
1515,Troubleshooting ,find(),1,False,True,False,False,False
1516,Troubleshooting ,.foo,1,False,False,False,False,False
1517,Troubleshooting ,find(),1,False,True,False,False,False
1518,Troubleshooting ,,1,False,False,False,False,False
1519,Troubleshooting ,find(),1,False,True,False,False,False
1520,Troubleshooting ,"AttributeError:
'NavigableString'
object
has
no
attribute
'foo'",7,False,False,False,False,False
1521,diagnose() ,diagnose(),1,False,False,False,False,False
1522,diagnose() ,"from
bs4.diagnose
import
diagnose
with
open
(
""bad.html""
)
as
fp
:
data
=
fp
.
read
()
diagnose
(
data
)
# Diagnostic running on Beautiful Soup 4.2.0
# Python version 2.7.3 (default, Aug  1 2012, 05:16:07)
# I noticed that html5lib is not installed. Installing it may help.
# Found lxml version 2.3.2.0
#
# Trying to parse your data with html.parser
# Here's what html.parser did with the document:
# ...",30,False,False,False,False,False
1523,diagnose() ,diagnose(),1,False,False,False,False,False
1524,Errors when parsing a document ,HTMLParser.HTMLParseError,1,False,False,False,False,False
1525,Errors when parsing a document ,BeautifulSoup,1,False,False,False,False,False
1526,Version mismatch problems ,"SyntaxError:
Invalid
syntax",3,False,False,False,False,False
1527,Version mismatch problems ,"ROOT_TAG_NAME
=
'[document]'",3,False,False,False,False,False
1528,Version mismatch problems ,"ImportError:
No
module
named
HTMLParser",5,False,False,False,False,False
1529,Version mismatch problems ,"ImportError:
No
module
named
html.parser",5,False,False,False,False,False
1530,Version mismatch problems ,"ImportError:
No
module
named
BeautifulSoup",5,False,False,False,False,False
1531,Version mismatch problems ,bs4,1,False,False,False,False,False
1532,Version mismatch problems ,"ImportError:
No
module
named
bs4",5,False,False,False,False,False
1533,Parsing XML ,BeautifulSoup,1,False,False,False,False,False
1534,Parsing XML ,"soup
=
BeautifulSoup
(
markup
,
""xml""
)",8,False,False,False,False,False
1535,Other parser problems ,BeautifulSoup,1,False,False,False,False,False
1536,Miscellaneous ,"UnicodeEncodeError:
'charmap'
codec
can't
encode
character
'\xfoo'
in
position
bar",10,False,False,False,False,False
1537,Miscellaneous ,UnicodeEncodeError,1,False,False,False,False,False
1538,Miscellaneous ,"u.encode(""utf8"")",1,False,False,False,False,False
1539,Miscellaneous ,"KeyError:
[attr]",2,False,False,False,False,False
1540,Miscellaneous ,tag['attr'],1,False,False,False,False,False
1541,Miscellaneous ,attr,1,False,False,False,False,False
1542,Miscellaneous ,"KeyError:
'href'",2,False,False,False,False,False
1543,Miscellaneous ,"KeyError:
'class'",2,False,False,False,False,False
1544,Miscellaneous ,tag.get('attr'),1,False,False,False,False,False
1545,Miscellaneous ,attr,1,False,False,False,False,False
1546,Miscellaneous ,"AttributeError:
'ResultSet'
object
has
no
attribute
'foo'",7,False,False,False,False,False
1547,Miscellaneous ,find_all(),1,True,False,False,False,False
1548,Miscellaneous ,find_all(),1,True,False,False,False,False
1549,Miscellaneous ,ResultSet,1,False,False,False,False,False
1550,Miscellaneous ,.foo,1,False,False,False,False,False
1551,Miscellaneous ,find(),1,False,True,False,False,False
1552,Miscellaneous ,find_all(),1,True,False,False,False,False
1553,Miscellaneous ,"AttributeError:
'NoneType'
object
has
no
attribute
'foo'",7,False,False,False,False,False
1554,Miscellaneous ,find(),1,False,True,False,False,False
1555,Miscellaneous ,.foo,1,False,False,False,False,False
1556,Miscellaneous ,find(),1,False,True,False,False,False
1557,Miscellaneous ,,1,False,False,False,False,False
1558,Miscellaneous ,find(),1,False,True,False,False,False
1559,Miscellaneous ,"AttributeError:
'NavigableString'
object
has
no
attribute
'foo'",7,False,False,False,False,False
1560,Translating this documentation ,doc/index.rst,1,False,False,False,False,False
1561,Beautiful Soup 3 ,BeautifulSoup,1,False,False,False,False,False
1562,Beautiful Soup 3 ,"pip
install
beautifulsoup",3,False,False,False,False,False
1563,Beautiful Soup 3 ,"pip
install
BeautifulSoup",3,False,False,False,False,False
1564,Beautiful Soup 3 ,"pip
install
beautifulsoup4",3,False,False,False,False,False
1565,Beautiful Soup 3 ,BeautifulSoup,1,False,False,False,False,False
1566,Beautiful Soup 3 ,bs4,1,False,False,False,False,False
1567,Beautiful Soup 3 ,"from
BeautifulSoup
import
BeautifulSoup",4,False,False,False,False,False
1568,Beautiful Soup 3 ,"from
bs4
import
BeautifulSoup",4,False,False,False,False,False
1569,Beautiful Soup 3 ,ImportError,1,False,False,False,False,False
1570,Beautiful Soup 3 ,ImportError,1,False,False,False,False,False
1571,Beautiful Soup 3 ,SGMLParser,1,False,False,False,False,False
1572,Beautiful Soup 3 ,html.parser,1,False,False,False,False,False
1573,Beautiful Soup 3 ,html.parser,1,False,False,False,False,False
1574,Beautiful Soup 3 ,SGMLParser,1,False,False,False,False,False
1575,Beautiful Soup 3 ,html.parser,1,False,False,False,False,False
1576,Beautiful Soup 3 ,UnicodeDammit.unicode,1,False,False,False,False,False
1577,Beautiful Soup 3 ,UnicodeDammit.unicode_markup,1,False,False,False,False,False
1578,Beautiful Soup 3 ,Tag.next,1,False,False,False,False,False
1579,Beautiful Soup 3 ,Tag.next_element,1,False,False,False,False,False
1580,Beautiful Soup 3 ,Tag.previous,1,False,False,False,False,False
1581,Beautiful Soup 3 ,Tag.previous_element,1,False,False,False,False,False
1582,Beautiful Soup 3 ,,1,False,False,False,False,False
1583,Beautiful Soup 3 ,BeautifulStoneSoup,1,False,False,False,False,False
1584,Beautiful Soup 3 ,BeautifulSoup,1,False,False,False,False,False
1585,Beautiful Soup 3 ,BeautifulSoup,1,False,False,False,False,False
1586,Beautiful Soup 3 ,isHTML,1,False,False,False,False,False
1587,Beautiful Soup 3 ,selfClosingTags,1,False,False,False,False,False
1588,Beautiful Soup 3 ,BeautifulSoup,1,False,False,False,False,False
1589,Beautiful Soup 3 ,smartQuotesTo,1,False,False,False,False,False
1590,Beautiful Soup 3 ,convertEntities,1,False,False,False,False,False
1591,Beautiful Soup 3 ,smart_quotes_to,1,False,False,False,False,False
1592,Beautiful Soup 3 ,HTML_ENTITIES,1,False,False,False,False,False
1593,Beautiful Soup 3 ,XML_ENTITIES,1,False,False,False,False,False
1594,Beautiful Soup 3 ,XHTML_ENTITIES,1,False,False,False,False,False
1595,Beautiful Soup 3 ,class,1,False,False,False,False,False
1596,Beautiful Soup 3 ,Tag,1,False,False,False,False,False
1597,Beautiful Soup 3 ,__hash__,1,False,False,False,False,False
1598,Beautiful Soup 3 ,Tag,1,False,False,False,False,False
1599,Beautiful Soup 3 ,Tag,1,False,False,False,False,False
1600,Beautiful Soup 3 ,find*,1,False,False,False,False,False
1601,Beautiful Soup 3 ,BeautifulSoup,1,False,False,False,False,False
1602,Beautiful Soup 3 ,markupMassage,1,False,False,False,False,False
1603,Beautiful Soup 3 ,ICantBelieveItsBeautifulSoup,1,False,False,False,False,False
1604,Beautiful Soup 3 ,BeautifulSOAP,1,False,False,False,False,False
1605,Beautiful Soup 3 ,prettify(),1,False,False,False,False,False
1606,Porting code to BS4 ,BeautifulSoup,1,False,False,False,False,False
1607,Porting code to BS4 ,bs4,1,False,False,False,False,False
1608,Porting code to BS4 ,"from
BeautifulSoup
import
BeautifulSoup",4,False,False,False,False,False
1609,Porting code to BS4 ,"from
bs4
import
BeautifulSoup",4,False,False,False,False,False
1610,Porting code to BS4 ,ImportError,1,False,False,False,False,False
1611,Porting code to BS4 ,ImportError,1,False,False,False,False,False
1612,Porting code to BS4 ,SGMLParser,1,False,False,False,False,False
1613,Porting code to BS4 ,html.parser,1,False,False,False,False,False
1614,Porting code to BS4 ,html.parser,1,False,False,False,False,False
1615,Porting code to BS4 ,SGMLParser,1,False,False,False,False,False
1616,Porting code to BS4 ,html.parser,1,False,False,False,False,False
1617,Porting code to BS4 ,UnicodeDammit.unicode,1,False,False,False,False,False
1618,Porting code to BS4 ,UnicodeDammit.unicode_markup,1,False,False,False,False,False
1619,Porting code to BS4 ,Tag.next,1,False,False,False,False,False
1620,Porting code to BS4 ,Tag.next_element,1,False,False,False,False,False
1621,Porting code to BS4 ,Tag.previous,1,False,False,False,False,False
1622,Porting code to BS4 ,Tag.previous_element,1,False,False,False,False,False
1623,Porting code to BS4 ,,1,False,False,False,False,False
1624,Porting code to BS4 ,BeautifulStoneSoup,1,False,False,False,False,False
1625,Porting code to BS4 ,BeautifulSoup,1,False,False,False,False,False
1626,Porting code to BS4 ,BeautifulSoup,1,False,False,False,False,False
1627,Porting code to BS4 ,isHTML,1,False,False,False,False,False
1628,Porting code to BS4 ,selfClosingTags,1,False,False,False,False,False
1629,Porting code to BS4 ,BeautifulSoup,1,False,False,False,False,False
1630,Porting code to BS4 ,smartQuotesTo,1,False,False,False,False,False
1631,Porting code to BS4 ,convertEntities,1,False,False,False,False,False
1632,Porting code to BS4 ,smart_quotes_to,1,False,False,False,False,False
1633,Porting code to BS4 ,HTML_ENTITIES,1,False,False,False,False,False
1634,Porting code to BS4 ,XML_ENTITIES,1,False,False,False,False,False
1635,Porting code to BS4 ,XHTML_ENTITIES,1,False,False,False,False,False
1636,Porting code to BS4 ,class,1,False,False,False,False,False
1637,Porting code to BS4 ,Tag,1,False,False,False,False,False
1638,Porting code to BS4 ,__hash__,1,False,False,False,False,False
1639,Porting code to BS4 ,Tag,1,False,False,False,False,False
1640,Porting code to BS4 ,Tag,1,False,False,False,False,False
1641,Porting code to BS4 ,find*,1,False,False,False,False,False
1642,Porting code to BS4 ,BeautifulSoup,1,False,False,False,False,False
1643,Porting code to BS4 ,markupMassage,1,False,False,False,False,False
1644,Porting code to BS4 ,ICantBelieveItsBeautifulSoup,1,False,False,False,False,False
1645,Porting code to BS4 ,BeautifulSOAP,1,False,False,False,False,False
1646,Porting code to BS4 ,prettify(),1,False,False,False,False,False
1647,You need a parser ,SGMLParser,1,False,False,False,False,False
1648,You need a parser ,html.parser,1,False,False,False,False,False
1649,You need a parser ,html.parser,1,False,False,False,False,False
1650,You need a parser ,SGMLParser,1,False,False,False,False,False
1651,You need a parser ,html.parser,1,False,False,False,False,False
1652,Property names ,UnicodeDammit.unicode,1,False,False,False,False,False
1653,Property names ,UnicodeDammit.unicode_markup,1,False,False,False,False,False
1654,Property names ,Tag.next,1,False,False,False,False,False
1655,Property names ,Tag.next_element,1,False,False,False,False,False
1656,Property names ,Tag.previous,1,False,False,False,False,False
1657,Property names ,Tag.previous_element,1,False,False,False,False,False
1658,Generators ,,1,False,False,False,False,False
1659,XML ,BeautifulStoneSoup,1,False,False,False,False,False
1660,XML ,BeautifulSoup,1,False,False,False,False,False
1661,XML ,BeautifulSoup,1,False,False,False,False,False
1662,XML ,isHTML,1,False,False,False,False,False
1663,XML ,selfClosingTags,1,False,False,False,False,False
1664,Entities ,BeautifulSoup,1,False,False,False,False,False
1665,Entities ,smartQuotesTo,1,False,False,False,False,False
1666,Entities ,convertEntities,1,False,False,False,False,False
1667,Entities ,smart_quotes_to,1,False,False,False,False,False
1668,Entities ,HTML_ENTITIES,1,False,False,False,False,False
1669,Entities ,XML_ENTITIES,1,False,False,False,False,False
1670,Entities ,XHTML_ENTITIES,1,False,False,False,False,False
1671,Miscellaneous ,class,1,False,False,False,False,False
1672,Miscellaneous ,Tag,1,False,False,False,False,False
1673,Miscellaneous ,__hash__,1,False,False,False,False,False
1674,Miscellaneous ,Tag,1,False,False,False,False,False
1675,Miscellaneous ,Tag,1,False,False,False,False,False
1676,Miscellaneous ,find*,1,False,False,False,False,False
1677,Miscellaneous ,BeautifulSoup,1,False,False,False,False,False
1678,Miscellaneous ,markupMassage,1,False,False,False,False,False
1679,Miscellaneous ,ICantBelieveItsBeautifulSoup,1,False,False,False,False,False
1680,Miscellaneous ,BeautifulSOAP,1,False,False,False,False,False
1681,Miscellaneous ,prettify(),1,False,False,False,False,False
1682,Table of Contents,Tag,1,False,False,False,False,False
1683,Table of Contents,Tag.name,1,False,False,False,False,False
1684,Table of Contents,Tag.attrs,1,False,False,False,False,False
1685,Table of Contents,NavigableString,1,False,False,False,False,False
1686,Table of Contents,Comment,1,False,False,False,False,False
1687,Table of Contents,Stylesheet,1,False,False,False,False,False
1688,Table of Contents,Script,1,False,False,False,False,False
1689,Table of Contents,Template,1,False,False,False,False,False
1690,Table of Contents,Declaration,1,False,False,False,False,False
1691,Table of Contents,Doctype,1,False,False,False,False,False
1692,Table of Contents,CData,1,False,False,False,False,False
1693,Table of Contents,ProcessingInstruction,1,False,False,False,False,False
1694,Table of Contents,.contents,1,False,False,False,False,False
1695,Table of Contents,.children,1,False,False,False,False,False
1696,Table of Contents,.descendants,1,False,False,False,False,False
1697,Table of Contents,.string,1,False,False,False,False,False
1698,Table of Contents,.strings,1,False,False,False,False,False
1699,Table of Contents,stripped_strings,1,False,False,False,False,False
1700,Table of Contents,.parent,1,False,False,False,False,False
1701,Table of Contents,.parents,1,False,False,False,False,False
1702,Table of Contents,.self_and_parents,1,False,False,False,False,False
1703,Table of Contents,.next_sibling,1,False,False,False,False,False
1704,Table of Contents,.previous_sibling,1,False,False,False,False,False
1705,Table of Contents,.next_siblings,1,False,False,False,False,False
1706,Table of Contents,.previous_siblings,1,False,False,False,False,False
1707,Table of Contents,.next_element,1,False,False,False,False,False
1708,Table of Contents,.previous_element,1,False,False,False,False,False
1709,Table of Contents,.next_elements,1,False,False,False,False,False
1710,Table of Contents,.previous_elements,1,False,False,False,False,False
1711,Table of Contents,True,1,False,False,False,False,False
1712,Table of Contents,find_all(),1,True,False,False,False,False
1713,Table of Contents,name,1,False,False,False,False,False
1714,Table of Contents,string,1,False,False,False,False,False
1715,Table of Contents,limit,1,False,False,False,False,False
1716,Table of Contents,recursive,1,False,False,False,False,False
1717,Table of Contents,find_all(),1,True,False,False,False,False
1718,Table of Contents,find(),1,False,True,False,False,False
1719,Table of Contents,find_parents(),1,False,False,False,False,False
1720,Table of Contents,find_parent(),1,False,False,False,False,False
1721,Table of Contents,find_next_siblings(),1,False,False,False,False,False
1722,Table of Contents,find_next_sibling(),1,False,False,False,False,False
1723,Table of Contents,find_previous_siblings(),1,False,False,False,False,False
1724,Table of Contents,find_previous_sibling(),1,False,False,False,False,False
1725,Table of Contents,find_all_next(),1,True,False,False,False,False
1726,Table of Contents,find_next(),1,False,False,False,False,False
1727,Table of Contents,find_all_previous(),1,True,False,False,False,False
1728,Table of Contents,find_previous(),1,False,False,False,False,False
1729,Table of Contents,.css,1,False,False,False,False,False
1730,Table of Contents,.string,1,False,False,False,False,False
1731,Table of Contents,append(),1,False,False,False,False,False
1732,Table of Contents,extend(),1,False,False,False,False,False
1733,Table of Contents,NavigableString(),1,False,False,False,False,False
1734,Table of Contents,.new_tag(),1,False,False,False,False,False
1735,Table of Contents,insert(),1,False,False,False,False,False
1736,Table of Contents,insert_before(),1,False,False,False,False,False
1737,Table of Contents,insert_after(),1,False,False,False,False,False
1738,Table of Contents,clear(),1,False,False,False,False,False
1739,Table of Contents,extract(),1,False,False,False,False,False
1740,Table of Contents,decompose(),1,False,False,False,False,False
1741,Table of Contents,replace_with(),1,False,False,False,False,False
1742,Table of Contents,wrap(),1,False,False,False,False,False
1743,Table of Contents,unwrap(),1,False,False,False,False,False
1744,Table of Contents,smooth(),1,False,False,False,False,False
1745,Table of Contents,HTMLFormatter,1,False,False,False,False,False
1746,Table of Contents,XMLFormatter,1,False,False,False,False,False
1747,Table of Contents,get_text(),1,False,False,False,True,False
1748,Table of Contents,ElementFilter,1,False,False,False,False,False
1749,Table of Contents,ElementFilter.filter(),1,False,False,False,False,False
1750,Table of Contents,SoupStrainer,1,False,False,False,False,False
1751,Table of Contents,diagnose(),1,False,False,False,False,False
